A,B,Class
0.6515811185943475,-0.4936699850783046,0.0
3.129150829720907,-3.1384290865643742,0.0
3.162679604587349,1.6068093023419563,0.0
4.075106822252897,1.3828193978954915,0.0
0.16295413819658064,0.33232893014766995,0.0
-0.55140488332406,3.5586746980577235,0.0
3.8058051139202993,-1.5336446702421036,0.0
-0.050101157477339064,0.21107576246900628,0.0
-1.0428372152316177,-1.6685951624795694,0.0
-2.6455680416041445,0.5885170098014133,0.0
-1.159625656420852,-1.9926271249672851,0.0
1.0096664485461488,-4.2036092361185755,0.0
-2.0938080463368065,-0.8929256997603126,0.0
3.4010257582708308,-1.8777764882887384,0.0
-1.34900821645536,2.7359917379138543,0.0
-1.5364062602302642,-0.0486165835355758,0.0
1.1799797031205346,3.7253314879894237,0.0
0.7752853928715705,-0.03979217853389461,0.0
-0.2810267564274437,-1.4657638387765268,0.0
-2.6004505066601387,0.4949266398455903,0.0
0.3157128847929557,3.3150369143676675,0.0
0.6980873933705616,2.8120942298249396,0.0
0.7458657116252913,-0.39479923314640664,0.0
-1.6176983583641427,-1.327195256055627,0.0
-4.182318968942512,-1.7881895485246013,0.0
-1.5320194161060927,1.9778033013587233,0.0
0.3717243093770706,0.10540490905481091,0.0
3.499237196862596,-1.7492920388382336,0.0
-1.928573139913104,3.5082947711945023,0.0
2.186380349730347,2.727198821927926,0.0
0.3532931372350917,0.2535098973408284,0.0
-0.62009201834928,-1.5666034169371925,0.0
-2.515653599993449,-0.3340502821081956,0.0
-1.2197039215364338,2.6752387122591137,0.0
1.2116092619823682,2.97022657648164,0.0
3.175857155920177,1.9952093710076018,0.0
0.3922560064440124,0.26914487718364577,0.0
-1.019116902771606,3.3005324552718958,0.0
-1.9025791809291226,1.0393719446013039,0.0
0.22401137607779698,0.45327717813710505,0.0
-2.405464886650116,1.1999462977861035,0.0
0.9111550219214484,-0.709981498423309,0.0
-2.221763943839437,0.15321638417667482,0.0
3.597026623640017,-0.9153121492256585,0.0
3.0116739808942454,-2.4843605077292485,0.0
0.651410327759652,-1.3699882305591824,0.0
2.6086145462919808,-3.450807726755963,0.0
0.05517818892822822,-0.08599694924709533,0.0
0.9816079839291864,-0.8047905947041423,0.0
0.6225876501715728,-0.45704799795962725,0.0
-1.950073739698402,0.4222611630048788,0.0
0.3509748406317492,-1.12673174856444,0.0
0.1147283624956418,-1.7915364628270545,0.0
1.4268200749383504,3.164122338033268,0.0
0.5670559780139516,-0.300091106889986,0.0
4.14326109025996,1.2156337184568455,0.0
-1.4626117761899264,0.7065436107778834,0.0
-0.2516601926351927,2.949177076367632,0.0
1.2072330021133997,-0.7247613497482154,0.0
3.107218332407953,0.5310122575705813,0.0
3.2054185283221712,0.9018573728831585,0.0
0.5970768625934968,-0.474490295832544,0.0
3.904227564873823,0.9373864269864258,0.0
1.1135927641874945,-0.9840637033416082,0.0
3.5968980760212492,0.7375171747278283,0.0
0.6350067145391278,0.06588950637736263,0.0
0.6338933973824793,-0.05990282598097062,0.0
-0.3711285988115156,0.2195060065611421,0.0
2.321384935343809,2.4884778671213645,0.0
-0.9774311250684926,-1.5819498647395702,0.0
3.1515310672043046,2.2679042482664777,0.0
-0.20508145127901042,-1.7965308295000653,0.0
-1.692018808570018,-0.5593490390410701,0.0
-0.8227614308916646,3.253154074197757,0.0
-1.6604457729866358,2.5947671112707127,0.0
2.77685697064054,1.4630684847447841,0.0
1.006613094392466,0.23979504917619732,0.0
3.7342721405160932,2.279979873488367,0.0
0.3179310816150752,0.3206414593995012,0.0
3.9879935397571433,1.644204856242872,0.0
-2.053533886183751,-4.161309542949451,0.0
0.9101746049417349,-0.4810049391244781,0.0
-2.144676301626186,0.36061330418413556,0.0
1.112597946218106,-3.5894909117558824,0.0
0.3775580673926603,-0.8746184853682437,0.0
1.2650020323137996,-0.6764217688676483,0.0
0.5161056260468696,3.453196391866922,0.0
0.9607390822351212,-0.1432327243048841,0.0
-2.256815998243451,-0.7261733706825266,0.0
-0.2853758226940366,-1.688922253493992,0.0
-1.0332818567163589,-1.5336193626089003,0.0
0.7993456150424532,-1.2061514851599846,0.0
0.13690055259966563,-1.8863760169261155,0.0
0.30948668125175166,3.326603914472901,0.0
-1.0075800972968816,-1.5125723128260957,0.0
1.4508529283816365,3.087203374381726,0.0
0.8439691347721505,0.823688673554099,0.0
-2.375080349343095,0.4873073317420384,0.0
3.044376338251788,0.6188549713390322,0.0
-0.10787810211833501,0.11386664490737308,0.0
3.2300707881269006,1.4772415437076634,0.0
1.1254317488958454,0.24339915742620133,0.0
-3.6916593865714424,-3.1466260382800804,0.0
4.040070053305757,-2.453230530011188,0.0
1.618112673855344,2.9388957685159345,0.0
0.9778206059683344,2.6124108202235132,0.0
3.975359072557603,0.4037285380361095,0.0
-1.3306595024761394,1.4990454608132144,0.0
-2.1751843707262903,1.6100335655218385,0.0
0.299021395796685,0.06053440290893732,0.0
0.49236712928314524,0.08124356722783747,0.0
4.176401157665339,-1.0224125077537474,0.0
-1.7377870367778359,-0.6271877898930937,0.0
-0.2723827462900104,3.0147536241343804,0.0
0.1255367068650767,-1.9380403412995224,0.0
0.8726839095005448,-0.11805896973524306,0.0
-2.0105925935834716,1.2789479736706961,0.0
0.8584268014241123,-0.45237556531029766,0.0
0.666797102427378,0.15864113967017912,0.0
1.2425792939840583,-0.874605372325309,0.0
1.1142054727157218,0.3688586152745978,0.0
-1.8270018985398762,-1.093141030477795,0.0
-0.8448135408594855,-1.759186907849714,0.0
3.800285682906667,0.01743191936815744,0.0
-0.08868749231130901,-0.11239756827267228,0.0
0.6199305359552634,-0.16490323172289822,0.0
1.3264482800057613,0.2395439467192416,0.0
-2.3135694754013025,-0.7023992590128895,0.0
-0.04019146619680044,0.1275388019487339,0.0
-1.045407749312721,3.512534177121402,0.0
0.842924039850096,0.4528360450234078,0.0
4.296737740283124,-0.09332113925538149,0.0
-2.4169043441983216,0.9691142845954732,0.0
-2.5624245615173558,0.43441036376777803,0.0
-0.2118077787562619,0.04050298245188326,0.0
0.6588466758286845,0.6572381277150027,0.0
0.3985259605995176,0.35230461065400526,0.0
3.4657939552661463,-1.2699252086762478,0.0
0.7182151230168041,-0.49133193309204626,0.0
-0.9433718637434118,-1.8277372139391663,0.0
1.4391571708212085,-4.045410838872872,0.0
4.181186536178468,-1.294936486398954,0.0
4.002565070649654,-1.0842169381817723,0.0
-2.2817432008245015,-0.9313347785676106,0.0
-0.0050833168666303274,3.2553302675561904,0.0
1.0004865978142021,-0.3379301365585073,0.0
0.6021733996549724,-0.19693058256973656,0.0
-0.03756250025362928,3.392686461571866,0.0
1.0600863897526436,-4.197963259719317,0.0
0.3023586386749649,0.13886827608842364,0.0
-0.8075432881498326,-1.4019462467826282,0.0
-0.376150946719255,0.4509945361169952,0.0
2.753812664325259,-3.0275486037727504,0.0
0.3064420865381394,0.10732849361696428,0.0
-0.05657434991094999,-0.01188892976084624,0.0
0.9022387958462453,-0.9667217415758184,0.0
0.7012817133796865,0.29888099503307264,0.0
-3.033982288572887,-3.3058969986205256,0.0
2.9419271487732184,-3.508318600656668,0.0
-1.5022337365777898,-1.5516764616334775,0.0
-0.5031020903511043,3.0383995775386796,0.0
0.23007120318397528,2.9207636514375057,0.0
1.0481742330280208,-1.1102324036500344,0.0
3.8398906957938213,-0.26444862411863723,0.0
-0.3903365131977678,-1.5442537052069354,0.0
-2.325510618608696,1.1102610733242404,0.0
-3.703141026591447,-3.089762425177102,0.0
-1.6253898282733883,-1.6801339265659467,0.0
1.0104295017853406,2.8657137438397378,0.0
-2.402678131022409,0.3904243322851923,0.0
-0.1366987688682316,-0.03675658307736074,0.0
-3.7510058022372736,-2.456816545816235,0.0
1.6697438412840184,-4.221035173377142,0.0
0.9734843882670612,-0.46516256089940666,0.0
3.031818248354052,-3.6184449758109913,0.0
-0.7179796440119667,2.8220183069685008,0.0
0.10473000592751144,0.13697445534526842,0.0
0.48862707016877704,-0.16932915971094087,0.0
1.4404869952416623,-3.4844943835724735,0.0
0.5621758246419887,-0.032331072724172516,0.0
-2.4863033896787146,0.3934372079647049,0.0
-1.8341767599540015,-1.1129707116399203,0.0
4.6970412595049496,1.034935750143839,0.0
3.6078512331981916,-0.21987999970433375,0.0
-2.760166340848667,1.9031168749913738,0.0
3.486154297117337,-2.099705077875234,0.0
-2.3080516385463463,0.23233557159176182,0.0
-0.38515363797147484,3.135565169540296,0.0
-1.5048590167074383,-1.6899701960193747,0.0
0.4644900358361378,-0.705073903714999,0.0
3.8067974443505026,-2.225718465197829,0.0
0.9452812698848694,-1.4482031699686024,0.0
-0.8690810590753227,-1.7287102966099153,0.0
-0.8246568691598997,2.9077202847417816,0.0
-2.3702661665751297,0.607861769779758,0.0
-3.022734663770247,-3.157616041453234,0.0
-0.2601407188391118,-1.469293894921363,0.0
2.4748261956829056,2.014915939887909,0.0
4.265442696140492,0.368560489194511,0.0
-2.0860916775379277,0.20704772544170175,0.0
0.44807016645575815,-1.4935653748727766,0.0
2.664420781419172,-3.076984645222972,0.0
1.0598596110155782,-0.670901661544264,0.0
3.7429750856671613,-0.5420504592352637,0.0
-0.6726070333853513,-1.5016382402226003,0.0
-1.1741967375987814,2.1042922118453236,0.0
0.6097086433657288,0.1434285517538964,0.0
0.5488216074250296,-4.685084542359052,0.0
0.4347139877681317,-1.0064870234941374,0.0
0.3470117659027243,-1.2149320783670288,0.0
0.3409715674576562,-1.3314374974671344,0.0
3.3861846874019457,0.7675672331398214,0.0
2.7037625175456848,2.2087800833563938,0.0
1.2472613062344973,-0.63941879964058,0.0
0.8833642025220799,-0.7802513190410411,0.0
-1.3646616926488553,2.832878085112224,0.0
-0.3247034703285982,-1.7248205171092401,0.0
-2.533327556044346,1.5187470854658147,0.0
1.6715750205536657,-3.8853688433279343,0.0
3.554830709297912,2.3425513374311975,0.0
0.8078157356287554,0.21422114196692107,0.0
0.29013089425887784,-4.768492388312492,0.0
-2.1990102687132063,-0.5134866813676713,0.0
-2.282751631057695,2.000456554547912,0.0
-2.5029025245858323,-0.26521980526517874,0.0
0.8530722804779771,3.4881093054691683,0.0
0.6746567427380927,2.9043489771936666,0.0
-2.3435978932189427,0.22437201919984595,0.0
-2.1362241645848776,0.91166808326852,0.0
4.446854595826721,0.5976313358294543,0.0
-1.9390201228521928,0.9972043136016615,0.0
3.1822924668879575,-0.685808549886969,0.0
-1.2584634733908482,-1.7996278250602802,0.0
-1.0252742905564356,-1.509450953005437,0.0
2.3844071931484914,-4.050473760686053,0.0
3.476050811922671,0.43767850868541575,0.0
0.9992364433088481,-0.20395309976464776,0.0
0.14526113225682188,0.23333825064612365,0.0
2.319124668322499,2.4480471609513788,0.0
3.7149706915517804,0.32185017230114765,0.0
-0.2528166092101097,-0.8057363392875632,0.0
-3.0662158899325145,-3.6584994148620202,0.0
3.5899137126644627,-1.736501811298571,0.0
3.4735250400000326,-0.98864683017914,0.0
2.002205024262097,3.070842821002526,0.0
-2.606058818029459,-0.28612017806283063,0.0
1.059856022690244,-0.1369158970420143,0.0
0.2173477953450316,-0.44274388768398587,0.0
0.2686870718377687,-1.7421854396743341,0.0
-1.47840654158885,-4.39833178156155,0.0
-1.243863933455581,-0.1749800631915196,0.0
-0.4632452880238639,-1.5957941232460187,0.0
3.567736067334831,1.3336533115110443,0.0
-2.0798223511163787,0.005922896913890294,0.0
3.6984342980274456,-0.5812710166602425,0.0
-2.440820328026505,-0.5226607936786087,0.0
-1.3148193880459131,-1.273549779892642,0.0
-1.349236008099017,-1.1183909587470025,0.0
0.3910097226546032,0.14445836572082552,0.0
0.5396294577493225,-0.26113159920965134,0.0
0.7763940016254915,-0.07623844257285667,0.0
1.8434887824322148,-4.193120087485739,0.0
-1.435445775035089,1.6527048377865379,0.0
0.9634170593632789,2.430066103089929,0.0
1.2137340937110719,-0.46817622293332095,0.0
0.02903640377402745,-1.751645367412684,0.0
0.3053494880118329,-0.12891951711811309,0.0
0.4449999329641406,0.3653043333131103,0.0
0.24254715985655284,0.2848532971085333,0.0
-2.985598141658838,0.39545090163493446,0.0
0.0495011354713267,-1.427328827539172,0.0
3.344473146417478,2.6712901986248587,0.0
1.814556602368194,3.457832859194726,0.0
0.3407528701989019,-1.6349150265869814,0.0
0.7416671761094422,-4.390556945893936,0.0
0.32649967898259347,-0.3799154980142238,0.0
0.6691702017834034,-4.603458243850472,0.0
0.3185806623510772,0.12570175495249014,0.0
-0.35351822195842175,-1.5840288182281785,0.0
0.14359613449632377,0.1424225260003836,0.0
-0.9351649539825682,-1.4014713876832174,0.0
-2.4681329985870573,0.1888892042046853,0.0
0.11798652863244333,-0.0299498410162663,0.0
0.8085746769884345,-0.39467200224298066,0.0
-2.2929314917581087,-0.8028071575370372,0.0
3.929155976690457,1.445830953129909,0.0
0.9839141927913443,0.28969289483571115,0.0
0.8290040637494065,-1.0589660889230486,0.0
0.3122420403887114,0.105394906760018,0.0
0.8142189531204191,0.4362405107708456,0.0
1.6068006136117814,2.879950431815619,0.0
3.4527585799432834,-2.1120390153404696,0.0
-1.2654405236997728,-1.306968284244296,0.0
-2.1757323059147105,2.2836571171272735,0.0
-1.6392037184074104,-1.6595772685486565,0.0
-0.722721121184235,-5.118075411230004,0.0
0.23602042467190626,3.006672818918667,0.0
-0.6373501733518389,3.338824969474325,0.0
-0.4767635686962162,-1.5514674384315932,0.0
3.863905072906461,-1.3122385376299013,0.0
0.9597072903759356,-0.29784418605977403,0.0
-1.6884305337596988,3.182315792327882,0.0
0.939815865443892,-0.07948214323579314,0.0
-1.8720092713309398,2.2508955646538524,0.0
3.8104093976198254,-1.3272939720515606,0.0
0.7048652842456994,-0.16583811183171637,0.0
-1.972361556033744,-0.07586732127513889,0.0
3.640340743753737,-2.159271598513785,0.0
-2.027012937346235,-0.5995067941043163,0.0
0.4762576652488143,0.27787967322490603,0.0
-0.1916560964292682,0.5047353003531636,0.0
3.974940554140829,1.283657396320871,0.0
3.169997232771351,-2.4736603391342933,0.0
-1.3905742932132148,2.616870487006958,0.0
0.1919987493716729,-0.08448464467171049,0.0
-0.38132447493120325,-1.5528853028759053,0.0
0.0005507289486737788,0.019340017525265596,0.0
0.8969758073616471,0.5376263801062533,0.0
3.4059429114883333,1.1725521020907288,0.0
1.024846794532094,-0.3946111787795671,0.0
1.2018889112490905,0.4615049339692462,0.0
0.8137926125255257,-0.11379135515587066,0.0
-2.1154254384067075,1.4823150218692194,0.0
0.655062722338096,-1.3334951026902004,0.0
-0.8587201777546474,-4.489287102178463,0.0
0.9021940009369743,-1.121141018223138,0.0
0.42174024230666624,0.20420449555113407,0.0
0.8548723886339618,-0.7756095190748873,0.0
3.358444208264334,-0.42667292164727955,0.0
0.5721073146399585,-0.4614965615234566,0.0
0.6941124613175986,-0.012916919826729753,0.0
-1.6247135272160582,2.454009913137251,0.0
-1.7027771233111455,1.0623556380508716,0.0
-2.446475758553898,0.6260968900417397,0.0
0.32390868375764786,0.23508417039748594,0.0
-1.2734722658321134,2.8672178281142937,0.0
-1.3606735679150117,-1.7077001138972667,0.0
3.3687338730243677,-0.636797905405183,0.0
0.2540726585756904,-0.5132327566674985,0.0
0.9777822058826408,-0.4838362356509106,0.0
-2.3459025353791683,-1.2289149275753384,0.0
1.4852931196032597,2.619496165082935,0.0
0.5621886296426357,-0.9603629998983992,0.0
1.2974823217424607,-0.6227045473137722,0.0
-1.0561413578415333,-1.5087729120713822,0.0
0.5741328306851676,-0.7977082061067828,0.0
2.1867350309466698,-3.75318712136552,0.0
1.2617211484688466,3.664399061904235,0.0
1.7162423163690672,3.354410429875628,0.0
-0.19452504811992827,-1.6411225106993848,0.0
-0.6278247972972535,2.8866759036143703,0.0
0.41798502065158144,-0.8803645215172404,0.0
-1.7460109651896412,-1.5092587065791414,0.0
0.6048510374339656,-1.0885191957382103,0.0
-2.235875288058668,-0.6985895506024364,0.0
0.135161533194276,0.5445571137248231,0.0
-1.541763222289151,-1.3930603575891336,0.0
-1.7277653415692504,0.4022780479742731,0.0
0.422191288423421,2.5542867673856184,0.0
-0.8435690274499659,-1.2747401591495233,0.0
-1.8862427366788628,-0.4753115162510558,0.0
0.9623998798091286,0.13812622922057224,0.0
0.6314790169550586,0.4764141687423085,0.0
-2.2961181719390384,-4.2145106377557715,0.0
-1.4729953920243084,-1.7397399113531185,0.0
-2.1476014124220764,-1.4950459759461652,0.0
3.0893579707943823,1.2697554287470438,0.0
3.550028782407112,2.132211202809889,0.0
4.0336230334840115,0.963365463993544,0.0
-1.845584500804172,0.7041769281604464,0.0
-0.15601390040045782,-1.5074760971903989,0.0
-0.028255940721026218,0.16988350110056594,0.0
0.4508937487298332,0.045700145598479264,0.0
-1.0937887011940834,-1.747868160048721,0.0
-0.5100015269348028,-1.219145497402741,0.0
0.9350670600445455,-0.437450653147339,0.0
0.12285677412031247,0.34138263948509295,0.0
0.5424338966756209,3.2789118611057964,0.0
-2.389981041531797,0.28348586374898055,0.0
3.2956519721216306,-2.2026919155342193,0.0
-0.22915018059530548,-0.3690879283391942,0.0
1.0077651092288205,0.15436176761928247,0.0
1.9112278188934158,-3.209266940014337,0.0
0.1694078189861749,3.1056171399603336,0.0
-1.1496811216392389,-1.9826802134412016,0.0
3.9772664158496465,-0.1920681388689574,0.0
2.9278681497641026,-2.946779489417136,0.0
0.591519496179904,0.24567517428176752,0.0
0.6378382357954251,0.17793678966203996,0.0
0.6485165610926721,0.42156541714237183,0.0
3.9395779960733224,-0.015937963449726675,0.0
-0.8746076625670949,2.6921221000261975,0.0
2.6218562475728757,1.8776301789624965,0.0
0.9814512439882797,0.033963903619349714,0.0
-1.4882036626721538,2.5436947796475358,0.0
-0.5574648875031368,-1.296237758404245,0.0
-0.017895965166098815,0.39079772340490604,0.0
-0.7608773279534536,3.164765336697926,0.0
0.7606953705620926,-0.6646175363261801,0.0
4.443581113335133,1.0980755000789646,0.0
-1.9873997801583747,3.1040360852676887,0.0
3.6216503136380123,-1.5588361210947685,0.0
-1.0790785569688666,-4.171934594255676,0.0
-2.5193010644945275,0.8343914841928853,0.0
-1.6558170272827177,-1.6600874995268262,0.0
0.6618726686295424,-0.24011502555867137,0.0
0.7998783606164116,0.02196402311918015,0.0
0.8488957864615021,-0.7102192008732101,0.0
3.1246687979012866,2.0790976855635215,0.0
1.396986108440425,-4.083619453922256,0.0
0.3539409861372752,0.41349608980787333,0.0
4.561257973459702,-0.39232394919437646,0.0
0.9242783316877754,-0.19766462143516023,0.0
0.9290042284847887,-0.2506447792335167,0.0
-0.5590737369593247,3.6427255427686975,0.0
-0.3071079042036562,-1.7215599855925101,0.0
-0.5475867320726103,-1.6613515420474034,0.0
0.3800022944321398,0.44191628136353983,0.0
0.20311300067644203,0.042785769225413606,0.0
3.127424861647947,2.6165841497083067,0.0
0.700457686437626,-1.1549122865059092,0.0
3.8740007794352076,-0.9221447768009908,0.0
0.22764085574655746,0.43489435613830607,0.0
0.30751113096955657,0.12322267542359953,0.0
-0.7153317552197521,-1.3048088910094648,0.0
-2.9660741799406436,0.14376703087303278,0.0
-2.042558487465947,-0.812642944556268,0.0
-0.15090524759533286,-1.7050023312834384,0.0
0.6616307202593738,-0.07161102473064052,0.0
-1.2295402993328617,-2.18077776374902,0.0
3.476536641901305,1.0401402706745726,0.0
-1.0516595309069383,3.034602965085547,0.0
0.9794342569671768,0.09501422848654355,0.0
2.3902463767124247,3.0975950816928126,0.0
-0.017933388995183472,0.373736421370652,0.0
-0.31804072061385047,-0.44098502734841394,0.0
4.307218885105482,-0.8670183688751706,0.0
0.27084626453552557,0.04231195058175366,0.0
-0.8750672259226482,2.6493949727629347,0.0
-0.38810203605223886,3.2791184666805715,0.0
-1.778926073701344,-1.4274777118097353,0.0
-0.70288497663767,-1.9760690509532168,0.0
0.4692784253033292,0.33887540418307516,0.0
3.6710622145099876,-1.443416609228412,0.0
-2.282739449792029,1.3097333419379873,0.0
0.38955971215658675,3.3083252218885417,0.0
2.6913346896939565,-2.5795508929864814,0.0
-0.9094934443000587,-1.738848033892328,0.0
-1.973322350575355,-0.8127163153677184,0.0
-0.3122820486024059,-1.6034813304806645,0.0
-1.766716108526681,-1.8398165061071843,0.0
-2.8059426754422767,0.4201481729896708,0.0
-0.04287540296236192,0.5136073793021654,0.0
2.367627479429763,2.7556007084350345,0.0
1.0352003623725352,-0.5242928000529558,0.0
-0.6056686565093654,-1.7566695980419436,0.0
0.6643934950796864,0.5492617821014503,0.0
-1.8190296504000543,1.6191250710555267,0.0
-0.7122537395882159,-1.8979570453787,0.0
0.6110728828221339,-1.2484962575163834,0.0
-1.171552526608963,-1.3467605002969023,0.0
-0.06997406945625062,0.24775195356207924,0.0
0.42982988380165676,-0.9984513060103674,0.0
-0.6591738332180573,0.28008569816545426,0.0
0.22511044902751204,0.5644748704929702,0.0
-0.5074499185444908,-1.4919290692010634,0.0
0.6084263995225258,-0.07222623409984685,0.0
-0.9787581711691896,2.977171676253614,0.0
-2.723131500402114,-0.8416948485967866,0.0
0.5790046617017457,-1.9136308541344647,0.0
-0.2714877322468976,-1.8223549375064287,0.0
2.229192528574792,2.046655730826173,0.0
0.21800012463633717,-0.051719454260899245,0.0
0.25794511284731814,-0.10051185539266562,0.0
4.229193407106592,1.1175898554276045,0.0
1.2274231792392363,-4.152898434583491,0.0
0.9501661473241528,-1.213212648901115,0.0
0.9399537222169456,3.0438539048433704,0.0
0.2608943990099519,0.03960225108462492,0.0
3.362315504698391,2.6712914787449917,0.0
-1.5905644729996324,2.8819939562495107,0.0
-1.0896987173366695,2.243474817800492,0.0
0.8734577074436598,0.3712531089394708,0.0
0.9899695100681554,2.7835117039903023,0.0
-1.676898155067455,-1.3964964596610014,0.0
0.7215494403386558,-1.378486612360804,0.0
-1.169238312370617,-1.7982038359850852,0.0
0.41950535743029593,0.7768603488379563,0.0
0.8490689034901462,0.130196375624495,0.0
-0.056497672812431565,-1.5648129320006905,0.0
-1.5426691851525745,-0.8986689745731309,0.0
2.925014858093076,2.4281684575775397,0.0
4.49718882283669,1.5499837659526863,0.0
0.9078344790234006,0.023624155437626776,0.0
0.6262256770023906,-1.2445832382925706,0.0
-1.317620727356135,-1.0638740618383409,0.0
1.2287107862751157,3.2259450058385104,0.0
-1.8459700139594473,-0.33846569520628766,0.0
1.0990104764635273,-1.1563063035678165,0.0
0.9015552859476286,-0.8145384557922597,0.0
1.761712921560588,-3.800592868962408,0.0
0.42853052317131746,-1.2629007890872612,0.0
-2.3955042963050674,-0.6196812040609866,0.0
0.026372689113596304,0.36425213672714063,0.0
-0.40849165581971536,2.840347715855798,0.0
3.6322532100847944,0.17711197017566643,0.0
2.107964342616276,-3.5158464296800043,0.0
-0.27305494792568696,0.3481116749565705,0.0
4.346644458258461,0.7495778418908551,0.0
0.04065520777307809,0.30883528754015577,0.0
1.167648372635452,-4.605041327093294,0.0
3.7460644470273436,2.334663508329519,0.0
-0.3373026755974432,-2.0062618797718192,0.0
-1.7482965223391793,-1.1394133479100805,0.0
2.7260188776026983,-2.8647770247565467,0.0
3.6528467998242578,-1.7808724993661103,0.0
1.6964263337799028,3.2562368311711234,0.0
3.6436499198116,-1.8397384760559499,0.0
2.7541104592306107,-2.4413025653426628,0.0
2.299677367696624,3.1119180285704977,0.0
0.4800760765863732,0.16161217359808328,0.0
-0.3034289097192606,0.10265364596740131,0.0
0.9571856194874211,0.3261028558231131,0.0
-0.4095467716300914,0.05148889340876117,0.0
-1.163395504494318,2.625116014426665,0.0
1.6276438151617953,3.5231870654590645,0.0
-2.1765060761030792,0.45399343831381767,0.0
3.6803935885641077,0.4875727964026606,0.0
-0.6551682556336065,-4.335047270834135,0.0
0.8856220244354003,-1.08018198842249,0.0
-0.5715100402905979,2.7561894787535066,0.0
0.15662806721674163,0.5623632292281945,0.0
-0.676692887612897,2.8608158224097364,0.0
-0.06351906009197109,0.6071705672794636,0.0
0.8654491250533054,-0.2190878274543271,0.0
0.8034797118294204,-0.6342293608293114,0.0
4.056028791541103,0.5930278912007944,0.0
0.49195059918208406,0.29174186670825375,0.0
1.0689308933484658,-4.374121529405899,0.0
4.180660561312564,-1.3044082007561992,0.0
3.0867456987120576,2.003519333407994,0.0
-3.100013815378791,-3.5282608409821634,0.0
0.8790663310759993,-0.988749183132708,0.0
-1.03376539483057,2.7154287607566743,0.0
0.03838759925755009,0.06421993711754612,0.0
-2.30795010714463,0.3113685502929197,0.0
-2.6969626714318404,1.0224276978133369,0.0
-2.3218218546709037,2.4932397749515633,0.0
0.7414351137691527,0.37609882252866406,0.0
1.2776972823554171,3.3792800321004752,0.0
0.29587704738829046,0.17542475035032454,0.0
2.962600181159005,0.7070377661130921,0.0
0.15320884863292306,-0.092996717973031,0.0
1.0332557480655065,2.8177011188497962,0.0
0.5366556422881636,0.23327348611282203,0.0
1.0445698009343607,-0.8659540952340427,0.0
-2.263905051918493,-0.5431502968502682,0.0
-2.331579258219534,0.7099117661822651,0.0
-0.008597373551053056,-1.8011316771650905,0.0
1.752960039581841,-4.282870010269357,0.0
-4.159382974737304,-2.298388508784334,0.0
-2.319087565336318,-0.14482288171334187,0.0
-1.243202277143786,2.33577981758648,0.0
-0.4745702472204576,-1.5029275061140228,0.0
-0.19410728296140006,2.793521592508285,0.0
-2.0361361946501777,0.47872913583246185,0.0
-1.9315495205101272,0.7012368043159806,0.0
0.3563801758744622,-0.36265150861670775,0.0
0.913701566434934,-0.3219855165816672,0.0
0.31284979405888275,-4.063351523916803,0.0
-0.7460603211670355,3.596492872602293,0.0
4.295577023230074,-0.6427484466582756,0.0
-0.0336146399538655,0.4080007710155611,0.0
-2.685095847467076,0.8846436346210484,0.0
0.7189855636639415,0.04744679046839351,0.0
-1.293627912394351,2.7314777347716506,0.0
0.07954072244666388,3.249030050156962,0.0
-1.5517133077858936,2.9708762337996326,0.0
0.723079636376871,-0.06823367117318818,0.0
0.8158628827393214,-0.6540250098348418,0.0
-1.5428270109966136,0.8612135974372328,0.0
0.025347846981406616,-1.6674614390602305,0.0
0.9138390255425907,-0.8257363217867737,0.0
2.8127031180062163,-3.3691215447563323,0.0
0.22193998051950425,0.4163863243293176,0.0
0.37118358600225343,-2.0939034460840342,0.0
-1.7938816536990743,-0.998016893998759,0.0
1.3040573825727089,0.14160574393775674,0.0
0.000920439626016855,0.6675763396670921,0.0
-2.321678232054614,-0.24812074077657575,0.0
0.5037137563450486,2.7066830742828034,0.0
0.21305742128542632,-4.93785660589884,0.0
0.21030447882539527,-0.6642334299971335,0.0
-0.6902407424170739,-4.26173782531788,0.0
1.1220919986701756,3.5247748082606636,0.0
-2.296118030649277,-0.3997221186077667,0.0
-0.5876412640020874,-1.5336691376694302,0.0
0.9146913139986089,0.11822703871483736,0.0
-1.9118674266960989,-3.821157524282524,0.0
-0.18720786931811637,0.08969033384204864,0.0
0.3752136504519786,-1.1162230366902377,0.0
3.99305871196119,0.26319901642952404,0.0
-0.9210431117244418,-4.008102071247725,0.0
-2.761065928233503,-0.6010463025809636,0.0
0.40387558581862937,0.11024493588614422,0.0
3.2829129504582975,2.598771458612833,0.0
0.8701881649197771,-0.732592560402084,0.0
-1.9066440866782919,1.8839484518094742,0.0
0.42938751678178366,-0.9935076772618509,0.0
2.7418962176081627,-3.939374648966347,0.0
-0.8622920538673151,2.467525528908555,0.0
1.1481703839379822,-0.5887274402739752,0.0
-0.42046972439062763,-1.572541106250762,0.0
0.12265835857668478,0.11031735012239946,0.0
-0.17859202809050578,3.241678910384867,0.0
2.6237362209519577,2.1425719134869015,0.0
3.247049905107496,-1.0435603227202717,0.0
2.9195715243631817,1.9301991699249446,0.0
0.36595800261021616,-1.3326335908339204,0.0
0.47064763938841947,0.39395550874591645,0.0
1.7741701464448814,-4.069468434502461,0.0
4.002844075052621,-2.392326231844924,0.0
0.9053227851169976,0.6106929540559765,0.0
-0.02541457840719097,-1.4510727070921294,0.0
3.910081092891742,0.4965060256065139,0.0
-2.1868602815736176,-0.21212045607025648,0.0
-0.8034983911995619,-2.1793193476106953,0.0
-0.14815481154107835,0.03271080942687693,0.0
3.1719554008113686,1.9031618008955855,0.0
-2.7425562507613774,0.2186882841285327,0.0
4.114714938930889,2.1457763572807433,0.0
0.22852179299007847,0.16428139884321824,0.0
-1.333954640621921,2.651027992779916,0.0
0.9596166531642097,-0.7669620412778777,0.0
-2.3400178989684557,0.7219287855155405,0.0
-2.5472071107032477,-0.3756180267495666,0.0
1.566348310546628,2.0514042969685624,0.0
1.4593217387343878,3.3472232239059543,0.0
0.8552334498134332,-0.2516525673171398,0.0
3.4950788511756894,1.056228850365239,0.0
0.37917052741045837,-1.463212397738676,0.0
-2.576187228524775,1.9282520839419355,0.0
0.44543771481458977,3.7198673234485358,0.0
0.9623965458496047,-0.19310391522442066,0.0
3.7972722253381805,1.6954343218923587,0.0
0.9200022676059353,-0.08638734510854139,0.0
-0.19131760602876435,2.2902141542124483,0.0
0.8582403498408305,0.24538049716243254,0.0
0.8716943474793595,-0.4293153985063711,0.0
-2.4728603488398453,0.1407049974012869,0.0
4.836029019665157,-0.5228016339178565,0.0
0.4957341281493257,-1.2799540627025534,0.0
-0.7216277139138854,3.0834378457452702,0.0
3.0902957674464613,1.2622019221240595,0.0
-1.6500864968423712,-1.099070975332362,0.0
0.5878770109057585,3.529778474098592,0.0
0.019169827462625043,0.017910356918146894,0.0
0.6280583830379111,-1.5123312453929996,0.0
0.15419982275768812,-1.4309098920525618,0.0
3.457672242615282,0.7739327876224826,0.0
0.8700887420561121,0.19793566710833996,0.0
-1.7674255425545433,0.5151351282036652,0.0
3.319811989094607,-3.405534097342498,0.0
0.3064865517245468,0.06132180933848744,0.0
-0.8703266931235207,2.7450467606778033,0.0
0.6647174445736955,0.15480905689153554,0.0
0.6385755893387307,0.26276993282260985,0.0
4.607852649948511,-0.035396654381769144,0.0
1.0230438044280923,-0.33569620122212346,0.0
-1.1462322244987084,-1.7831057691953895,0.0
0.7780128289913859,0.3396692623326181,0.0
-0.2960983787698339,0.16568950055072312,0.0
0.8817779043198962,-0.49941920954163704,0.0
-0.15584325782988465,0.22803637874469046,0.0
2.1321042040249165,2.6580148425733086,0.0
0.7536131537274079,-4.185685582416772,0.0
1.1329476891437977,-0.10192258384393729,0.0
0.7443523257535722,0.3055538710200798,0.0
-1.5108012865772906,3.356983955556667,0.0
0.19900624227255095,-0.010874497563144896,0.0
-2.0647417604447766,-0.6975329989050504,0.0
2.1666712368294956,2.5039805949787293,0.0
-2.253130888785597,-1.0640910690745016,0.0
3.1708034857084586,-2.802504516118974,0.0
-1.6098605524742133,1.4431881853860917,0.0
-0.14139390431038912,-0.9286584603682936,0.0
4.0076362273080415,-1.7030370811770135,0.0
-2.1320223686458224,0.03661980170781742,0.0
0.16809211947423236,-1.3939497327147192,0.0
-1.666072348531682,2.7374222890665605,0.0
-0.44322466920397663,0.04614888503141258,0.0
0.6893011563369662,-0.031749518538461974,0.0
3.299553645353914,1.072161941352181,0.0
0.33771088736095606,0.5017866653955625,0.0
0.44448386337257456,0.14229557694664405,0.0
0.015704447117502327,-0.07958232971900372,0.0
2.4511038551776254,-3.973819160847952,0.0
0.16196359918196634,3.339300008357891,0.0
3.6520398147081354,-2.3906128370639363,0.0
4.327799267075893,-1.2679473917691464,0.0
1.2515684700226681,2.6267582962517095,0.0
0.777535429535094,-0.14485229738274233,0.0
-2.3155522519024023,0.9621952499190247,0.0
0.6278933663583642,-0.04377765291867916,0.0
0.7148426377538492,-0.6096492180916506,0.0
-0.7584880752300773,2.5026192566731575,0.0
-2.4578130677306875,1.0235938501069823,0.0
-1.4675013672241168,2.8649212458096116,0.0
-2.4610684596204737,-0.13233569254496536,0.0
0.41592149812370766,0.4159007356389681,0.0
0.39457788716542297,3.1121392749922943,0.0
-0.523320038288873,-1.2895990787958298,0.0
3.8583417935541604,0.9207869942177199,0.0
-2.0929386411951256,1.49024301917993,0.0
0.7432201261125914,-0.6625607966157333,0.0
-0.35505502110426534,-0.06700519434934221,0.0
0.8952324096818055,-4.17638681436601,0.0
0.36106010708905256,-0.9094678991372125,0.0
-2.59655795555074,0.34862043509726626,0.0
-0.9540455442570823,2.677936303392648,0.0
-1.6697815284749147,-0.872684852740621,0.0
-1.2339659341487854,2.707977762143206,0.0
-2.1918928391401953,-4.001941469615908,0.0
0.9209737036609443,-0.9401367694785635,0.0
2.7199978940356684,2.225883291461603,0.0
1.1033669433096742,-0.010340020360225244,0.0
-0.29578780365724033,-1.4405000008619744,0.0
-0.9502741801049748,2.5238208545337693,0.0
-2.747657035052795,-0.3604811779414948,0.0
1.7909566844938447,2.4453708439330217,0.0
0.7864922094572031,-1.0484466120098164,0.0
-1.2925479582575967,2.6017373417984055,0.0
-1.3616098687635532,-1.0786631900368708,0.0
0.4494681777185927,-1.2488304876768332,0.0
-0.2861076602517805,-1.3258382373242386,0.0
-2.0279897326273613,-1.0143963385232646,0.0
0.3493113428817911,0.4785142301924926,0.0
3.925936733360483,1.8143239903037869,0.0
-1.3141578503801845,2.882371982357421,0.0
0.698333626484521,-0.8236739841314147,0.0
3.8638141166588493,0.6978274483013291,0.0
0.8571436730154494,-0.9404585831053551,0.0
0.38142082317934445,0.2750592869206236,0.0
0.7631519442501417,-0.1808022395781221,0.0
2.2150240109044574,-3.9574103527224516,0.0
-1.1712833227485566,-0.2260053919217544,0.0
0.9300679873035999,-0.029815203889751396,0.0
0.8336604851185775,0.12070289469171812,0.0
0.5144088125124711,3.1919457587510616,0.0
0.2708449697146411,0.24914038782075043,0.0
4.581429252795032,0.8942254144785464,0.0
0.963702035079613,-0.19924744896488605,0.0
3.5158771334811254,0.729143548083475,0.0
1.410188402072465,2.5385755740115923,0.0
-0.2409127884801242,-1.6045312390330428,0.0
1.4273125926183943,2.624809307427556,0.0
0.6966988487139413,0.10986918666127068,0.0
-0.16458172104709973,0.18940565885609031,0.0
0.9095053181791947,-0.6081892051140858,0.0
-1.6855999889503899,-0.7823549256571065,0.0
3.4728385833962347,1.1663020172586414,0.0
-1.5781879235992364,-1.6070750894744257,0.0
2.0601451398519055,2.539787277606223,0.0
1.4277589958238028,2.6714668607564076,0.0
-1.5771552413413228,-2.2147151437020747,0.0
0.857138190784859,-0.8372547894190755,0.0
-2.128260992306031,-0.6009553527454151,0.0
-1.1851400827449312,-2.1476333830982686,0.0
3.5570653982638776,2.314642299466096,0.0
0.770021295805097,0.36161743754826836,0.0
4.008133185458145,-1.1872408470626927,0.0
-1.6755177663666831,-1.404850834725619,0.0
0.7611075795340173,0.4318476218580257,0.0
4.124893326627385,0.9324035874897073,0.0
3.0083654715379744,-2.740613240785387,0.0
-0.5990844652161289,-4.635777722975015,0.0
1.7709468487826772,2.5480493136553894,0.0
-1.169750653685556,2.0649773098135884,0.0
1.2412437607541003,0.5475703721637772,0.0
3.0107634486628174,0.39220727904603986,0.0
1.1938824827451489,0.22990579763716723,0.0
0.8698606803029997,0.24704274090136097,0.0
0.6610345306387317,2.9673803016976787,0.0
-1.0613419877403478,-1.704774239120026,0.0
0.4351565899604364,0.4128189435415486,0.0
0.3568707256110818,0.41526385136862143,0.0
-0.5190039974363025,-4.07242451815609,0.0
0.6096053720153414,-1.1734440788624754,0.0
-2.078172112000321,-0.6186386969942017,0.0
1.0046286724298452,-0.5622430213931328,0.0
-2.2514140768203452,0.6806109080261991,0.0
-1.9245026911318421,2.51321037454082,0.0
0.05839532014864157,0.29154740122838396,0.0
0.9332515700135485,3.4839369417386377,0.0
3.480411975417251,-1.4291146771963101,0.0
-0.008703201928798143,0.07032893219745276,0.0
-1.2892974709520444,-1.4550774569450464,0.0
0.3801797763968054,-0.18089456303391016,0.0
0.41652358385302185,0.44558164865452815,0.0
0.21141756378568988,0.3353235953979078,0.0
-1.9991752309842314,-1.4764458767960125,0.0
0.8066374307604831,-0.20654552501160306,0.0
1.020710544595902,-0.8071206232392816,0.0
0.3004936139680676,-1.4081741170021103,0.0
3.649612820828536,1.4756633510258639,0.0
1.6003305412779383,2.3364212494070706,0.0
0.6779212951985425,-0.04718358780836479,0.0
0.22853985744980254,-1.548452391070778,0.0
-2.377819801439825,0.3470852010551683,0.0
0.13521941616912947,0.05594281502150292,0.0
0.04824131220095548,-4.101681088800308,0.0
2.327189555647773,2.2141017936869796,0.0
0.25807608483187694,-1.150652805425161,0.0
4.387934624097804,0.31511680187826535,0.0
-0.15426652404448474,-2.053216812552595,0.0
0.1305794314447224,4.044432579282034,0.0
-1.6084434811733879,-0.7980834456504105,0.0
1.3201318215003914,-4.183303132622425,0.0
-1.5240584282031946,-0.6715683046122364,0.0
0.9789998740638005,-0.27018854586156066,0.0
0.7088608465940377,-0.7372799303726787,0.0
-1.5471143164107013,-1.2758666622926824,0.0
-1.44564071548444,-1.0992981435253046,0.0
1.1309816950752554,-0.40470107789964005,0.0
4.161807001345023,-1.3413881733297117,0.0
1.0264651815477155,-4.292549066235653,0.0
2.2613867987506477,3.448699061678828,0.0
0.6211975691163123,0.3000010818653597,0.0
0.25431307237973383,0.3246397550920494,0.0
-1.3841654133911472,2.737318594378843,0.0
3.2703143430619566,1.3038670803672265,0.0
0.15164776072790068,0.22344854233498546,0.0
-2.287083186667672,-0.30274307472720063,0.0
4.366735468073628,-1.4390878446242807,0.0
-2.0774690893879475,1.3608940648009165,0.0
0.1559828399835137,-1.747167672274825,0.0
-1.2051537418869724,3.2036008210138127,0.0
2.8622775221249848,-3.001294586873127,0.0
-2.156938887018549,-0.8632323395561544,0.0
0.7621353204425813,-0.0038317696864705736,0.0
3.8234417391345112,-0.3968740559218833,0.0
-1.9451032946320215,-0.8825779320205878,0.0
0.9199426973883968,0.47540393316129725,0.0
0.930137398498056,-0.05301767813823835,0.0
3.282416413550617,-2.690273198444247,0.0
-0.20018258993992857,-0.22942099405659414,0.0
4.38965586588535,0.5156690293087547,0.0
0.7116953797912672,-1.171675544587192,0.0
4.095087583134686,0.8783341125229195,0.0
-1.314848300476805,-0.7818157418133265,0.0
-2.0863556292626644,-0.993493612760377,0.0
0.7727622246461164,-1.050570522484984,0.0
3.7739782587716166,0.7142496495457961,0.0
0.6651421404842143,-0.09149732538016087,0.0
-2.224587146274438,-0.8372361506901521,0.0
3.0244836592899214,-2.2550232954419407,0.0
-1.3967641843103031,3.1760832713975327,0.0
-1.3697842858190783,-0.8045728284731684,0.0
0.02069184402238161,0.17941984995747265,0.0
3.0804876006696547,1.465071020969751,0.0
-0.022555550941736058,0.11855932829865967,0.0
4.053927669541228,1.1675519280257238,0.0
0.5311820308242692,0.27132269945637144,0.0
-1.4308208664276942,-4.036611402726218,0.0
0.6378623273393638,-0.6218812992983268,0.0
3.537089723890423,-1.1970504615931188,0.0
-2.127774177721289,-0.3794756964563208,0.0
3.1944697019266264,2.298169273191856,0.0
0.8005801172655678,-0.3286337319433258,0.0
-1.5390520084521917,1.8944375998784453,0.0
0.4312527692112478,-1.1427712940083337,0.0
0.30987892737322753,0.3761006146450371,0.0
-2.4556046004687584,1.0581630002552487,0.0
-2.810456296434268,1.5748989151303934,0.0
-2.339807973828089,1.459799919915638,0.0
-1.0249648104669977,2.6300007622210644,0.0
1.0880536295441785,-0.12492014729463616,0.0
3.4013880545928403,0.5177909710802638,0.0
0.5963458824189539,0.306920982915481,0.0
-0.5796184907080242,-1.0196974844046054,0.0
4.274505781721721,-1.6398525904124348,0.0
2.573883076964982,2.2178450149285105,0.0
-2.467739945239032,1.1683944536959667,0.0
-1.9897551328132448,0.3335730183048444,0.0
-2.148535129937128,-0.23019440358812837,0.0
-2.3600063780467715,1.8028240446571175,0.0
1.15099562523621,-3.9456426248323635,0.0
-0.9459446447785684,-1.6939225480130284,0.0
0.18819126655471743,-1.8859739754043932,0.0
-0.47770735699624023,2.9872075749804403,0.0
3.2078927594918767,-2.77642154486027,0.0
0.1401289599001323,0.5194457211058904,0.0
1.1011402078919634,-4.4965644062553585,0.0
-1.638162450598546,2.523923405581642,0.0
0.5712290571224456,-0.02145049292883347,0.0
-1.2516792561923489,2.1800529811738953,0.0
-0.5756930032896861,2.246057644072895,0.0
0.16678165105498818,3.079538695896853,0.0
-0.21796718983376162,-1.7654155847572421,0.0
-2.6229203735175637,-0.1115010582436447,0.0
-1.20611523854783,-1.220045263355986,0.0
0.5927194387484376,0.1647248163575046,0.0
3.27308840584417,-2.3977789365951465,0.0
-0.05116782459624472,0.2714377624469859,0.0
1.4437174433872817,2.7312012253567026,0.0
-2.0213205892458266,-0.48349309628653814,0.0
-2.381071499785692,2.69606969011645,0.0
-0.994507329380571,-1.5588228315227277,0.0
1.120149727237336,-0.31379347504903243,0.0
3.41310303722675,-1.8132316532490573,0.0
0.8758350476155256,-0.6778474167518861,0.0
3.6018260240305047,1.5465064530869495,0.0
3.2392597878448046,1.1801864379057747,0.0
0.02293687482638265,-1.4340133560933275,0.0
0.37643193876905656,-4.1653635576014985,0.0
1.7218681345365345,-4.248326355317793,0.0
3.474812374898024,1.0086339695426505,0.0
-0.9301412034163831,-1.805256078294593,0.0
4.179689628653865,0.6730776041937327,0.0
2.9784075423350798,1.0993924631829324,0.0
-1.7531372657678288,1.5133437770506337,0.0
-1.1342222498181003,-0.8779362801181633,0.0
-2.1449261340396126,-0.3661002010352555,0.0
-1.6410550987620938,2.307627849150685,0.0
-0.13506023316068838,3.8149087181786903,0.0
2.638140872198703,3.278119532053066,0.0
-2.2857415156665692,-0.5332055099946658,0.0
-1.1949485340670718,-1.1742818473794545,0.0
1.6432346569762046,3.3855182083157054,0.0
0.4178950454665691,2.9122093199072534,0.0
0.2404851511034322,-1.2351173283895447,0.0
-2.055742382982615,0.2503092033808619,0.0
-2.151271171278893,2.6155858188444245,0.0
-1.9867836742825788,1.9894288790655352,0.0
-0.5204007083717982,-1.2452445975119106,0.0
1.2360462902763931,-0.6142388532807175,0.0
0.49094084727439957,2.847932114492221,0.0
3.64705086947057,-0.4761467169910706,0.0
3.6983041403666226,1.0189496814809993,0.0
4.087415441175624,-0.2778932204881895,0.0
0.5784298500899575,-1.4848381463361273,0.0
1.926237883045779,2.8774287231679616,0.0
-2.6519047212876368,2.009302730887673,0.0
1.2868069517057763,-0.9939696840611394,0.0
-2.0432682863433222,1.770631800835209,0.0
-2.273142220877296,0.18957346408945192,0.0
-2.338003628283952,-0.7785287419332574,0.0
0.2246604559619266,-1.8842784838136124,0.0
1.9828032041155372,3.1651053173958634,0.0
0.38134676470128104,-0.8280135081310976,0.0
2.7898843343909814,1.237088749393783,0.0
-0.6223356545019193,3.3484210626961524,0.0
0.633322533473642,-0.9922695090481854,0.0
-2.631873546742379,0.22811573408881386,0.0
3.545779104451696,1.233556081202403,0.0
0.8839276757948253,-0.8231278903748804,0.0
3.9188233029374584,-2.0783524097361856,0.0
0.8170290010778395,0.21454574593001247,0.0
3.821174047846915,1.041274605831781,0.0
-3.838686231837474,-2.20652339120201,0.0
-0.37026723807890355,-1.9464272697692462,0.0
-1.3843786660064037,3.2734288751505254,0.0
2.9363917056761917,1.0604249109136403,0.0
-1.6525520849041166,-1.5791996709155292,0.0
0.6755267233029232,-4.278220769856166,0.0
-1.0440674758484347,-1.6085272320078232,0.0
-2.589656672731716,0.5748301914359666,0.0
-2.688997679234242,0.5365746921754417,0.0
0.9411494586077656,-1.4584266653413076,0.0
2.3172126664442443,2.268255239006928,0.0
-2.324177998784881,-0.13527103248066447,0.0
2.126853556555851,3.325942294919758,0.0
-2.101392710811601,2.154536848725147,0.0
0.08161131991929127,-1.209185173258764,0.0
-0.9778416573175615,2.714803285314188,0.0
0.54979115434186,0.34797670114616863,0.0
0.18315147939700493,-0.08190298352051184,0.0
-0.9841036046521011,-1.6484211118240466,0.0
-0.3315932288451813,-1.5088780063224791,0.0
-2.663136046787296,0.4834416412934852,0.0
0.30472386573699456,-1.3601151643965836,0.0
3.64609290727242,-1.961245527827881,0.0
-0.45707087174222116,-4.547453143947946,0.0
-1.3750417750205621,-1.0963249375148512,0.0
-0.06805313508867553,-1.1691377480204046,0.0
-1.897218840102663,-1.3935192226152546,0.0
-2.719566456686156,0.8651419513040849,0.0
0.6331603392961566,0.3673270033967626,0.0
3.9582374710712305,-0.23069307957469334,0.0
-2.996318473947077,-0.533337607219969,0.0
-1.6505187743024754,2.0527837504119026,0.0
-2.327401104695481,0.3632679710974339,0.0
-0.07708051692150328,3.1556408252333026,0.0
4.168254178295488,-1.3912585490856981,0.0
0.9019782967611061,0.16644028112143616,0.0
-0.1353607659800006,3.4940891691121996,0.0
-1.866455171500604,-0.9689174348504956,0.0
0.3502599356107703,-1.5232266234816698,0.0
-0.4748652215992907,2.6446425492380996,0.0
1.3465125044091304,-1.181995813187671,0.0
-0.11615371270159924,-0.035646522693222986,0.0
-0.39697931980016143,-1.9476178867624205,0.0
2.6590367866864884,2.2454981144351995,0.0
0.7290447424279252,-0.36513493700653354,0.0
-1.832623308577389,-1.0933509906661785,0.0
-2.190220890940428,0.4362135154176814,0.0
1.1030534914979524,3.1010821584828165,0.0
-2.2702613086016266,-0.6752098782216951,0.0
0.8396479910987165,-0.6501427643268929,0.0
-2.0769965992654127,-0.23757290751631355,0.0
-2.477871447297606,1.0706650108245417,0.0
0.5024300401757007,-1.8355553603006562,0.0
1.1486255271091916,3.6789554174157266,0.0
1.1526852580022797,-4.265408703501598,0.0
2.661283014594581,-3.5566928146069237,0.0
-1.2493729349841898,3.167936317396833,0.0
-1.7484808217843486,2.1664046145315905,0.0
-1.6436763880988192,2.027891345841799,0.0
1.2006971519654974,2.3257034166689508,0.0
0.2905855457177323,0.009363927021968477,0.0
0.8355041442351779,-0.29965710410918805,0.0
-1.146450204492425,-2.059303177030659,0.0
-1.0231725315343791,3.424733519620103,0.0
2.889051233928421,1.7511070371137916,0.0
2.7070112130428527,2.753170470032664,0.0
-2.5910056683864218,0.6541825383674877,0.0
-0.197113192439217,-1.6439531401615741,0.0
0.4068501554262531,0.131596269378281,0.0
4.179601411085373,-0.09234169993131844,0.0
-2.7080759502692966,0.4984443359476161,0.0
3.3829958767100647,-0.5067085977488787,0.0
4.251822936348765,-1.335706800837957,0.0
0.16677310988987412,-1.9697262433827964,0.0
2.233445776710913,2.995883737402403,0.0
-0.4572161733147571,-0.10052986882614309,0.0
0.06993233904013163,0.00920911858493828,0.0
-2.3747056818401937,0.2320842335446496,0.0
-0.20506480504279664,-1.999296200055975,0.0
-1.603652535276277,-1.0158745765386663,0.0
-1.5374338417844335,2.521356301528102,0.0
0.6559658678971143,-1.2884995881185284,0.0
0.7821789658631776,0.12827017302042204,0.0
0.4438913771365355,-1.2696089390247574,0.0
0.09812684908977609,-1.9077107141523966,0.0
3.1199649049445215,2.254252390500953,0.0
-1.5626043825304639,-1.308587142979118,0.0
2.0120031599908126,2.952866074203229,0.0
0.1946915731783092,-1.435262272338091,0.0
2.091686330791836,-4.119416718545065,0.0
2.386139432457355,2.985889334451063,0.0
-1.7981966672873368,2.97004920876697,0.0
-0.9243182835732328,3.2034487290021216,0.0
-0.5112936342350191,2.6531845460815964,0.0
2.1563185867175205,2.62369283587793,0.0
0.4300261051984247,0.5234015259377819,0.0
0.3605086591112917,-1.6517319483661426,0.0
0.3168320414075474,0.4731874558863055,0.0
-2.7271038089064694,-3.613680040576194,0.0
0.9637012433830121,-0.11514753244791874,0.0
-2.1851761090291477,1.632966614074539,0.0
0.5890211059961454,-3.9876996407910266,0.0
0.6997767540864843,-0.3814814152491454,0.0
-0.1147375907032846,0.2642763439288372,0.0
0.351853368173907,-1.5528671937189586,0.0
0.5055375277559403,-0.12523202047816429,0.0
-2.250757906546369,0.5473358927922192,0.0
-1.9611687812375111,-1.3508080930191548,0.0
0.27105941581188053,0.4436806853616063,0.0
0.32049120678159654,-1.3436029703473755,0.0
1.4164713633496084,2.7709346466446836,0.0
3.3665320420576568,-2.693356176281526,0.0
1.4349000502153668,2.910043393877113,0.0
2.8053289757450215,2.510959285778461,0.0
-0.709182919535508,-1.6625426348673544,0.0
0.7436215665071984,-0.5384122232885752,0.0
1.2104717230379571,-0.5498001821929398,0.0
-1.1980171070992127,3.2414530721034667,0.0
0.6082720392665578,-0.45540416103614734,0.0
-1.8821208610652764,2.1634584450478482,0.0
-0.12902235028366701,-0.027802448855449774,0.0
-2.1043639125624525,-0.3949605788183137,0.0
0.8094156496978603,-0.3614779307280692,0.0
0.04762577885911501,-1.380182848432652,0.0
-0.3208558664648918,2.9380075155326906,0.0
-0.7793130093202391,-1.7472409339792982,0.0
0.7882209295669219,3.392104535448526,0.0
1.4462342762994744,-1.1367621669126735,0.0
-0.9452197333969458,-1.4164087451144844,0.0
-2.056226333102306,-0.9761815096003347,0.0
0.6069788295156998,-0.031025735079148742,0.0
2.1853662726911054,-3.1890072353160344,0.0
-2.421841368426982,0.016904746243547847,0.0
1.5901792392008656,3.4906547443080163,0.0
1.2646830973835632,-0.16038324810475582,0.0
0.47314362396536414,0.25364545198464045,0.0
1.0086371630491808,-0.35139076184134477,0.0
-1.8837541888293352,-0.9330393061862537,0.0
-1.8606078487512048,-1.8704486365906807,0.0
0.5645016819070874,0.44500417150922783,0.0
-1.7619352498756935,2.117115762980075,0.0
-0.0928383118504432,2.8143989786886703,0.0
0.5995423880258035,0.26403357114097087,0.0
0.41185563610841913,2.5789059760468946,0.0
1.4216875015592885,-4.068556667574308,0.0
-1.1764431552639545,-1.2876700981206315,0.0
-0.20317364654720324,0.21169111698970666,0.0
1.9497644247354833,-3.5728388342967206,0.0
-2.266080219105847,-0.2948501044733217,0.0
0.6046032127785944,0.1340397652178945,0.0
-1.9010944544265749,2.2659854443774887,0.0
-0.8085091228525363,-1.696851418327555,0.0
-0.274560053161908,-1.150524558123884,0.0
0.5931461135483531,-1.243615921328415,0.0
0.5097897674755745,0.3758343777677918,0.0
0.2306723583556881,-1.9371014318969122,0.0
3.2737842041454024,1.7384341412734179,0.0
-1.4184370776460238,-1.7835101711019026,0.0
-0.6228226494533344,-1.2010716071925505,0.0
-1.4115924077965243,2.2716244005250594,0.0
0.24901924043162108,0.07050208516791054,0.0
3.3294549296153013,0.3019261650649203,0.0
0.5169537354424922,-1.4962550407562218,0.0
0.9460213216419833,-0.18309395823402508,0.0
-0.21443288911474928,0.3031994715123079,0.0
4.635853650981159,0.3146338937544723,0.0
3.291758337116324,1.5743459732640748,0.0
0.5988597302912422,0.5325609208897417,0.0
0.5322255368165894,0.07944192618889628,0.0
-0.45677269595953773,3.045604550601989,0.0
1.908364677075984,-3.624566321049014,0.0
2.3656191896435486,2.7172139326104747,0.0
-2.8818821938481394,-0.010104492990297698,0.0
-0.8951740161020884,-1.6293081126524394,0.0
-0.7688934703181391,-1.2109814980545341,0.0
3.0694266912452206,2.2686746581633486,0.0
-2.954233246029433,1.2658198089057562,0.0
0.7188496303934657,-1.3634679296970962,0.0
3.4237589056516824,-1.7148115811801854,0.0
-2.475219602022364,0.5513745113732118,0.0
0.6771301080896424,0.039692755068373914,0.0
4.119934483798224,-0.7652637119427286,0.0
4.378800981171611,0.2352355952668548,0.0
0.43312502416379506,-0.28304757220003707,0.0
-2.2462881417899316,-0.1311789650730682,0.0
1.852488779661236,2.2805891632811903,0.0
3.8502320802799304,-0.8031757769914676,0.0
-2.1812676348764652,2.0845385369969534,0.0
-0.17769808465744794,-1.9295447437070243,0.0
0.04261051209322594,-0.08972001280454978,0.0
-4.2974976410312165,-2.45767395237395,0.0
-0.47130314649595684,-1.6250335321852358,0.0
2.480673845632169,-3.59200495669299,0.0
0.16312409677359901,-1.5856632491695757,0.0
1.2261334152435746,-1.295706631577428,0.0
0.4850891010320059,2.8829990656868163,0.0
-0.9318692337627266,-1.1710597397149485,0.0
-1.159340162031371,-1.6271941814510604,0.0
3.435205727895711,-3.578977566422839,0.0
0.4071779473256751,0.049278564821223156,0.0
0.5133556157282886,2.9869150501591992,0.0
1.0192376085872052,-0.05556887393321397,0.0
2.7662158907957934,-2.846072128364381,0.0
2.375274678272642,3.304840411548859,0.0
0.9214880917614434,-0.2575606878406337,0.0
0.6712744927614649,-1.316827061828844,0.0
-1.9493346325440701,-0.29274216505726436,0.0
2.621366684159752,-3.021292043718757,0.0
0.9871032449415615,0.37453051206821114,0.0
1.6947319331521034,2.761050749314986,0.0
1.4412125791365886,-0.7189053013016146,0.0
1.0337139517251124,0.3993675613727897,0.0
3.6817290527296995,-2.2582396005468817,0.0
-2.3102520387958823,0.38548047324994766,0.0
2.7821834669061967,3.1045008371372904,0.0
3.1539483098990466,-2.6043946941752587,0.0
0.7332082324860475,2.724616730458984,0.0
-0.9209271215206707,2.6997396033327807,0.0
0.5493414366180147,0.3379205563954077,0.0
-1.5845479581804236,-4.556955299996534,0.0
0.09338568060418853,0.13483922841239537,0.0
1.180644765184773,-1.246860173351899,0.0
2.4949170293899194,3.0980870994764955,0.0
0.6325344478777477,-0.6054759876913706,0.0
-2.3697130734147267,0.5189612198181496,0.0
0.24232344748741935,0.3794644083056886,0.0
0.12511706369653214,-0.09589047764550462,0.0
1.729753063514192,-4.074626424299311,0.0
0.9557990378477024,-0.5994683132132238,0.0
0.178540025167554,-0.07316666399402255,0.0
4.4712763706984955,0.8239130585204268,0.0
-0.043825016716160084,0.23583031335357169,0.0
-3.1153668535866172,0.7740720613658487,0.0
0.27250582351313835,-0.2978009477922505,0.0
0.3077979211095449,0.30414212630356074,0.0
-1.3938596244930987,2.6760780555510646,0.0
1.0365104400652905,-1.660661698967505,0.0
4.490560552522078,-1.0209087357606363,0.0
-0.871753885642253,-2.251883527477707,0.0
-1.8793859812019562,-1.22769669845034,0.0
0.08249300033046592,0.35737844152985654,0.0
0.6454823445727338,3.7755426084804347,0.0
0.017194335604279423,0.6897645946836062,0.0
0.3781602180646146,0.23026223681130265,0.0
0.13895515012054516,4.403711193320011,0.0
3.739079871210147,-3.2634019387615534,0.0
0.6817917358935274,0.6155248369110397,0.0
0.6563303102186142,-1.344516094454372,0.0
-1.1972328154053238,-1.815354895925199,0.0
-1.5964904764978505,-1.2168044433927763,0.0
0.6630341368625063,0.6281468033659731,0.0
-2.317977577285167,0.24165509978949995,0.0
0.20702862565192448,-0.09759867898495855,0.0
0.8423714688118233,-0.3960510966925699,0.0
0.8554197604949806,2.8930730988696944,0.0
-0.9720426296568009,2.864656845546414,0.0
-0.10924192140930128,0.08029374288308766,0.0
-2.5999755405320055,0.20979692901516922,0.0
3.025661416339821,2.1585112048488013,0.0
-1.8942918689289114,-1.2621293028940923,0.0
0.028276388771789562,-4.178368257435899,0.0
0.38862134780924784,-0.08429364896871966,0.0
0.2623354757571378,0.36789513772797233,0.0
0.753310903650698,-0.6226207620247668,0.0
0.09316711082946072,-1.275569583749103,0.0
-2.4816770433541118,-0.5360944280354661,0.0
0.18592242098764009,0.2885534610598372,0.0
0.9728217643933493,-0.36981079596630434,0.0
2.209734409152203,-3.4261905735916915,0.0
-0.3113211822760937,2.7780145625082717,0.0
-2.899428201639897,0.20230210159386897,0.0
0.9284208744777271,-0.6747547955450377,0.0
-2.1955988014550125,2.0346737896379663,0.0
0.5937815392528331,-1.436893895033059,0.0
-2.1244612604036757,0.7445702374290118,0.0
0.5860886554904583,-0.09118746702734354,0.0
0.16670027756393258,3.094780256277733,0.0
0.8074478274754162,0.2755822563983573,0.0
-0.26323016986503583,0.3944143187692565,0.0
-1.6676466262582395,-1.2727197943897606,0.0
3.040604843768669,2.2457822170830397,0.0
-2.715878238384436,1.2012598210357872,0.0
-1.8313413444652693,1.3580790540166148,0.0
-2.195261798206162,2.075833840055521,0.0
-1.6808979330707663,0.5036918102449474,0.0
3.0385525423226625,-2.7344178884986015,0.0
3.136552653664421,-3.221092327722191,0.0
1.1838652915627128,2.806636916834675,0.0
1.2219146980876934,-0.4899948234722433,0.0
-2.668254406135312,1.2374399865824666,0.0
0.4932937671562426,0.28055913485364037,0.0
2.8765043014537612,2.26654453624797,0.0
4.375784063965696,-0.6399650679615065,0.0
-0.5646470508857563,-1.4064191280603016,0.0
0.9068884673421082,-0.8835741303182489,0.0
0.8300571798012705,-1.165806378615295,0.0
0.6715316212603262,-0.13905668549432393,0.0
0.22885295541695064,-0.020421384980586932,0.0
-2.48774912641862,0.14951677966062865,0.0
0.9991424160387906,-1.2712258124601297,0.0
2.0781653942092633,-4.2993363956812525,0.0
2.508579356519042,2.175407495505151,0.0
0.5444202753441798,-1.605676944528675,0.0
-2.289376301140364,0.18197437713174977,0.0
-1.0085975633635553,-1.5422611405656244,0.0
0.23164963369976013,0.08064833503677057,0.0
2.694944201341794,-2.824320999533225,0.0
0.11165102278676764,-0.013396705466501513,0.0
0.13040792309992,-1.7468157243161777,0.0
3.3121119690504734,0.8988253830585741,0.0
4.4657224058072895,-0.748286730585921,0.0
0.11486452608817865,0.40447962997182363,0.0
-0.16755499565906254,-1.5706569660548344,0.0
-1.3438287654503276,3.0829768327042903,0.0
0.2639124455420981,0.19574544753708678,0.0
-2.234085252979261,2.3070843988489664,0.0
0.6402654790576376,0.20805236191287207,0.0
0.7786957132446632,-0.9561713983435273,0.0
-2.7218181895538427,-0.6522974116560083,0.0
0.42040382612074617,-0.04515514620407224,0.0
1.0872896020656093,0.21791995119331958,0.0
0.7829222291654204,0.1565053946788744,0.0
-0.6096513055814407,2.23545089135646,0.0
2.373423514119408,2.1382671850228063,0.0
-0.837080739026683,-1.2852364442085789,0.0
2.8339078106534705,-3.4395729823932495,0.0
1.497826384077369,-3.752740852768902,0.0
2.726421623769017,-2.635207070254819,0.0
2.6880706285068126,-2.5658214977000693,0.0
-1.7942299430714723,2.2654741691818017,0.0
0.8483626771959414,-0.2865851466550705,0.0
-1.0184816605786362,-1.991581074653159,0.0
0.599248277382964,0.3324711369224491,0.0
0.13974704734343368,0.4533737963221762,0.0
0.80970702750169,0.23484223407643715,0.0
0.5127000607003729,-0.04884537056425299,0.0
4.0899624713067375,1.85150827016796,0.0
-2.7176188747383696,0.14035649735441508,0.0
-2.508371677110949,0.9812458328585325,0.0
0.6706455323654277,0.029427443661935296,0.0
-1.7154000540353072,1.169638494181719,0.0
-1.8615289939739184,2.576054513551742,0.0
-0.34880133448717066,-1.5382552781839052,0.0
-1.7864812506374017,-0.4628230766224111,0.0
0.7898310834097413,3.339135031444203,0.0
0.6640745457086167,-0.5988524811310459,0.0
1.3682161039892113,-0.322216948301809,0.0
-0.10908338776847915,-4.322570266628804,0.0
1.9590253553720935,2.7048660434361897,0.0
-2.395423024046183,1.288608858146796,0.0
-2.568901977906041,-0.2941677821753363,0.0
-0.119011741259036,-1.6094587555556106,0.0
2.7693126052014247,-3.1709012005419748,0.0
-2.27648366553433,0.6511782940629609,0.0
2.5146718718169296,-3.3600675204874553,0.0
3.6686942332070402,1.0296218196138145,0.0
1.6697861561290657,-3.2524532103678574,0.0
3.504109941432569,-0.7542771820900507,0.0
0.5376069993867683,0.03494590563919492,0.0
-0.11290945472896573,-2.0619468670834675,0.0
0.32262487942542195,0.17632049248443293,0.0
-2.9322760656162745,0.407911357348774,0.0
3.3238331623345556,-1.5432922233974096,0.0
0.09703534755023735,0.6023024735629674,0.0
3.317736053372595,-0.010450460124448849,0.0
0.19452911061529718,0.5278618738413166,0.0
0.7503286832581232,-3.9942653953266833,0.0
0.9463216599455265,-0.08562200726206542,0.0
2.5030237786005696,3.43244612933689,0.0
0.24022015971817706,-0.81169129829453,0.0
-0.668020529195684,2.821402575684448,0.0
-4.279257329877668,-1.6322359420185952,0.0
1.5758448828626073,-4.520662716191666,0.0
-0.5961429301203142,-4.01122721706888,0.0
-2.5625209494972894,-3.077933605033792,1.0
-0.9106051854853348,1.551224903336521,1.0
-2.532682949332971,-2.9031453663650955,1.0
0.09517854041390769,0.33381592997855064,1.0
-4.529133398378918,0.2128353052105525,1.0
-0.27445054528767815,1.55788330141121,1.0
-2.499251132962199,-3.019067907343067,1.0
-1.493807419759783,0.27132340434408203,1.0
2.1423358786265836,0.6752817330997214,1.0
-0.9589757020166932,-0.2582552343317071,1.0
-3.423883836595435,-1.5999455235135207,1.0
-4.829148854181865,0.025283246450231056,1.0
-0.4027649262121022,-0.45969135696608776,1.0
-1.3885819988549923,0.9639730103654384,1.0
0.02305942827494578,-3.3479695147476076,1.0
-2.4974093025017345,-2.6492079250208564,1.0
-0.4502526776335306,-0.34784533314376964,1.0
0.37676326880253574,1.8238076967342953,1.0
-2.8805382059565043,-3.591640636821047,1.0
-1.3928998340734062,1.3463420638504366,1.0
0.3478765938387927,0.05227957690260632,1.0
-4.26984019843792,-0.6202355378303581,1.0
-0.5261598097495714,-0.41879004740750453,1.0
2.2238218273141164,-2.6026839371374244,1.0
-4.064170197571756,-0.7557673535541611,1.0
-1.6719600515898292,-0.1610027835970992,1.0
2.7815900049856976,-1.7235701407553141,1.0
3.4843726523954355,-0.1456024295669434,1.0
-0.623611234747118,-0.5664571652062584,1.0
-0.994053345206406,-3.4021964367155295,1.0
-0.03059274837935469,-0.9621661451406651,1.0
0.12950997920911425,-0.6971977841459593,1.0
0.11385986393612979,-0.8169390572250439,1.0
-0.3581109921704264,-0.3440973064789479,1.0
2.912886569649484,-1.552632589859032,1.0
-0.8564435675134999,-0.7186604648226634,1.0
-0.8458662600992732,1.2902620648235228,1.0
2.5070297703293147,-2.747527932357106,1.0
0.2137941204603886,-0.3751235809747119,1.0
0.2890129163526739,0.562105755355293,1.0
-0.8585468644521368,0.5667633354510946,1.0
-1.5808623344244663,-4.318147056269456,1.0
-3.5679801984789563,-2.0942874093027335,1.0
-1.2168282453176003,-0.20686099806586608,1.0
-2.2336179253318944,4.341242657440204,1.0
-3.148444689562868,3.4286592121060195,1.0
-4.769406804176409,-1.162875612632709,1.0
0.5307838378509714,-0.34237484015284786,1.0
2.815999185424495,0.20165797813917555,1.0
0.7961247232082859,1.6355470248638064,1.0
1.4525895147457737,2.2952631372294503,1.0
-0.6202833433557102,-3.1032086319121897,1.0
3.209466599852722,0.04108931875769156,1.0
3.572572532978859,-1.4466984888434684,1.0
2.5752835847296898,-0.7466526729990928,1.0
-1.1570964383598432,1.5155129461634536,1.0
-1.03460169360347,1.2132292906993205,1.0
2.0330217529085743,1.6614613552203663,1.0
-0.8216799004762021,-0.3598997553750437,1.0
-2.951678355039732,-2.8764229440583313,1.0
-0.41474915582459676,-3.747099585442905,1.0
-0.7155463006698706,4.4569791172075455,1.0
2.2179114802265203,1.0031467524230826,1.0
-1.1475691315932475,-0.2746046949385461,1.0
-0.7128623554409941,-0.07437317689714473,1.0
1.1030618864953081,-3.5324592372953,1.0
-1.6570848212594385,0.40729513311191134,1.0
0.09127261553311972,-0.2884998850281665,1.0
-0.23706163880801961,-0.05201372428667855,1.0
0.3662080585542173,-3.595189570642959,1.0
-0.7733873371921264,1.7756006422220898,1.0
-0.7688880214235296,-0.3970096444946708,1.0
-0.9969257536938425,0.45046077820346697,1.0
-2.7219409558299335,-2.817616463062131,1.0
2.1306278018963547,-1.2261379421019158,1.0
0.5447512881157491,0.2230077976506084,1.0
-0.12743107210566235,-0.4470866887241986,1.0
-0.5160674128627202,-3.3119065827481116,1.0
0.13812389322091181,-0.4104431743339586,1.0
-0.27245765629435326,2.010986220940719,1.0
-0.9735528972415894,0.9987793209712142,1.0
2.1617738905752613,-2.6602754870785894,1.0
2.8214096084219693,0.6831618824139709,1.0
-0.7876950353440622,1.5990359757937056,1.0
-4.1392170099722625,0.8226933126224394,1.0
-3.565974810385862,-1.354714832981299,1.0
0.16425040402076127,1.925045034292831,1.0
0.2222627121644288,-3.8275922373958062,1.0
-0.4159466346111768,-0.6006447161022725,1.0
2.6370848915166496,-1.3117557610971187,1.0
-1.829957779319968,-3.2783927131811383,1.0
-2.6587552631780333,-2.544913353230626,1.0
2.2355615687627024,1.2733035705082736,1.0
-2.172492557786435,4.36954338857039,1.0
-3.842424623139724,-2.9974658180589167,1.0
-0.19625751954892035,-0.31720459349786695,1.0
2.294502185508344,-1.5213891574130216,1.0
-2.120563014861135,3.738574931739839,1.0
0.20804469724923186,-0.07043844999944471,1.0
-0.9805715552275251,-0.8562196958610065,1.0
0.8941182372981568,-3.8378093713861685,1.0
2.1150769876556215,-3.4285483648367876,1.0
-1.1126531561123254,1.3159457047084606,1.0
-0.33311248426569384,-0.15789418357825402,1.0
2.335500997944477,1.1795285225692953,1.0
0.3612169516925607,0.04804113172137486,1.0
2.4657061027810685,-2.0116012158144425,1.0
-0.6377215600342198,-4.199704280993699,1.0
-3.720927921841741,-1.9667434852199572,1.0
-1.939665395916543,0.7896092383817486,1.0
0.051923104943455554,-0.4501516086250117,1.0
1.0246547002688977,1.7091458659757723,1.0
-1.2413945276225953,-0.5043419627466528,1.0
2.631663731102522,-1.0782873076542516,1.0
-3.7512911833554345,0.4906127176979913,1.0
2.6134343196306884,-0.015377158975536792,1.0
2.6346241572482616,-1.6821095951083074,1.0
0.1568913671239317,-0.013168877074882651,1.0
-3.957371658077721,2.547491145026232,1.0
2.989085750462925,0.9317206118086849,1.0
-3.7028683254785095,-1.4608795109565176,1.0
-0.842406700710763,-0.3962621457751501,1.0
-4.38760930846686,1.482856927967862,1.0
0.12111270926409787,-0.40544210410795395,1.0
-4.364615791028815,-0.6007491476929234,1.0
-1.7095078323085513,0.30325013212990554,1.0
-1.3282489276666083,0.8263856140917951,1.0
-1.0772225960334716,-3.944681161144052,1.0
1.2713997509879462,-3.752320113287935,1.0
-2.9233292304740903,3.2295111846206286,1.0
-0.5518393463335941,-1.150824777195241,1.0
-1.61477382068942,1.1369802573553691,1.0
-0.8895997765866198,-0.7211629527539901,1.0
2.753022209706279,0.09380702092731122,1.0
-4.113252229811323,1.3482255626382496,1.0
2.2168291519875316,1.2273908378238962,1.0
2.7048682024362867,-2.178877320419001,1.0
0.11006591016672065,-0.3860096654096609,1.0
-0.15659299679540442,2.45894297118392,1.0
-2.79413576077664,-2.9700865314594647,1.0
-0.4614913089862117,-3.698957096038577,1.0
0.33329021870518244,-3.98764756926698,1.0
0.18599145767380348,-0.0030777624686929017,1.0
0.34273719981244966,-0.5687193809641256,1.0
-1.6311511866795736,0.7795562413447069,1.0
-1.2576895156188677,-0.2680953170635575,1.0
-0.5033316005091091,-0.7444628392189835,1.0
-2.3276970538630493,-3.2230766586885173,1.0
-1.404660034704937,-3.2679658915148804,1.0
-2.2016676129073334,-3.886250237658474,1.0
-4.228361880435242,1.291567947810538,1.0
-1.614807428769701,-0.4712254834159426,1.0
0.41147151652839203,-4.320862304636369,1.0
-2.904997450217063,-2.0852766389431134,1.0
0.10982573512951205,-0.21283947848653378,1.0
2.819448264618157,-0.3971439570699114,1.0
-1.4789357349061798,-0.2904855867997391,1.0
0.6320021947178976,-3.1260237812131186,1.0
0.003986359956289043,4.386647991625835,1.0
-0.6527846921020092,-0.442072970460758,1.0
-1.576391635460991,4.174450450590471,1.0
0.5626639204102394,-4.217216152446291,1.0
-2.901476866856464,-3.2860917032494785,1.0
-0.12939212572226483,-0.6114640295932322,1.0
-2.5091434871428424,-3.262469418218094,1.0
-0.23835581229193298,-0.32578928106678207,1.0
-1.164359864905698,-3.5925111251510717,1.0
2.5480808389047365,0.5590898048321593,1.0
1.4113104635665235,-3.233257006914476,1.0
-4.5524552258537545,-0.7148929580309364,1.0
1.8941703346611147,-2.2614678506311683,1.0
0.005181861041523728,-3.9276924334163286,1.0
-0.5851329798512186,-0.6579886616486681,1.0
-1.1301190227715405,0.8413761365305841,1.0
2.053919823915187,1.2739724112082143,1.0
-3.5356835568712346,-0.045668880635222175,1.0
-0.8285539489494452,0.035582005551616114,1.0
-1.2048259514505095,3.8542855025254497,1.0
-0.5890587586668807,-0.275534920636272,1.0
-1.2047685561348116,-0.13074533728635068,1.0
3.1247432222094838,-0.07708453658832981,1.0
-0.28460772956222324,-0.5290417535479957,1.0
-1.3188272693212764,1.086236204096156,1.0
-0.5988340747965382,-0.6101720937069727,1.0
-0.2773647220633151,-0.3490309883997888,1.0
1.2520867934592932,-3.0084508317841143,1.0
-0.8576984078354608,2.029062039712059,1.0
-0.9911568919224555,0.7323810609085079,1.0
-0.4021342586471609,-3.892344244629017,1.0
-0.2576098933145635,-1.2139928400648154,1.0
0.2381164547014918,-4.044086774777535,1.0
-0.9271585927448328,-0.3271293080266009,1.0
-0.9503894053296646,-0.7323547160319201,1.0
-0.9488695693850431,-3.9197106797827304,1.0
-3.287587623493798,-2.431432752202638,1.0
1.0795545884066644,1.3820688669336079,1.0
-1.3525591846449765,0.3617206949518799,1.0
-1.3402861620101514,0.719636207260185,1.0
1.9614278360309219,1.3054600370236362,1.0
-0.4312436415413042,-0.8156839467248771,1.0
-0.02921483129470734,-0.9723527643340213,1.0
-0.45027249686839765,-0.9136320374982148,1.0
-3.8186151913991084,-1.5091332713240657,1.0
-1.0252674429996815,0.6731430765521322,1.0
0.10407724370064449,0.010432282501148221,1.0
-3.762204222439804,-0.9544838154831669,1.0
-2.8346997219990233,-2.97571397509873,1.0
-1.6015892361285005,0.8984976899973671,1.0
-0.19057237785959052,-3.9560646646556563,1.0
2.614697407421238,-0.906178517363035,1.0
1.7317558257486487,1.9276073568923158,1.0
2.037329970966063,1.9374809516730818,1.0
-3.506945297072142,-2.7383796347380316,1.0
-3.613890871048293,-1.6111630167558044,1.0
-0.02733616228675892,-1.1458031125326937,1.0
0.0044978426287589635,-0.6805814843526986,1.0
1.8690798748476385,1.752767627088306,1.0
-4.077703515782161,-0.5251256580436406,1.0
-0.18798956235471412,-0.8703904181575086,1.0
-4.255374689274739,1.0410709864542953,1.0
-0.9510479086374194,1.8602325961170005,1.0
-3.8409127757266037,-2.042899563770004,1.0
-1.0305613262181532,-0.6307429009620373,1.0
2.532882021235434,-2.13723292592409,1.0
0.6912129350962166,-0.5069262020403849,1.0
-0.7639565721835392,-0.41540450003094986,1.0
0.5421062532544303,-0.5210819329054783,1.0
-1.797728219486484,1.115950528590862,1.0
-1.0719658628791116,1.038092393814926,1.0
-0.8201995407999112,1.619763189455959,1.0
-3.9485817539426433,-1.4134608183861372,1.0
-0.8090786141871811,-4.576848805321583,1.0
-1.4628175877902694,0.9343558956147815,1.0
-1.0254800357184966,0.8790448992387433,1.0
2.357945316957305,1.7131655851044325,1.0
-0.20546566396341778,-0.2959901204885784,1.0
2.6465087579552855,1.234643276596657,1.0
-1.082173894135612,-0.7489207708158472,1.0
1.5348989104198176,-3.790640868088588,1.0
0.07886026223591869,1.8818470390034097,1.0
0.0031337179397650274,-0.9883591574887042,1.0
2.9216087218213613,-0.8612229497676781,1.0
-4.328205472899661,-0.7217185202248118,1.0
0.02024340199728611,-0.11730111671168772,1.0
-0.4514439136812261,-0.7580664445634421,1.0
-0.8554909318620216,4.4338773723194045,1.0
2.8784221295820362,-1.3941255215618984,1.0
2.621499394566938,1.6980286435930516,1.0
1.9647871326301662,2.012764954868095,1.0
-2.621026505253914,-3.5810627835185924,1.0
-1.9930488504627983,-3.311098567082942,1.0
1.2584922989072487,-2.6719923541810076,1.0
-0.22402960109427997,-0.3846416495265403,1.0
0.037729526293641055,-0.03754072693477847,1.0
2.2606213030130013,0.9216587352222524,1.0
-0.9464031212082458,-0.5734282817669252,1.0
0.323629549895167,2.173819709923866,1.0
-1.2858511804099617,1.3951336649336685,1.0
0.09736664756727095,-0.06865172228680072,1.0
-1.1066782025967716,0.01622661466049785,1.0
-1.3759972218947552,-0.21964422425232583,1.0
1.4673779508467917,2.2584168786701153,1.0
-1.4720476146193198,1.1412842422486322,1.0
-0.10262417747416532,-0.40462803942601594,1.0
-4.399304728280035,-1.7150822026744337,1.0
-0.9180323851473443,1.508151908359094,1.0
-0.529933561749679,-0.34078851086929063,1.0
-2.791692681282193,3.241370910215007,1.0
-0.656726809912701,2.019556475261957,1.0
-0.78869165174026,0.6140538517742419,1.0
0.117245930544282,-3.784197474419131,1.0
-1.3178859347878171,1.0756204800895515,1.0
2.7179379122270597,-0.2532879656487393,1.0
-4.011943786546267,-0.618894734730145,1.0
0.13728530484525564,-0.5951634811388891,1.0
0.8268220993470294,-2.91947697391433,1.0
-4.268898698618018,1.7556325146907543,1.0
-0.46725047402210185,-0.785133524605672,1.0
-0.20431323788493655,-0.6103892162095595,1.0
2.7763972964585606,-1.737611608604112,1.0
0.3245129765903718,-0.4560085924368094,1.0
-0.6984098250797197,2.7837973426566367,1.0
0.08869558333408634,-3.1210481817401914,1.0
-4.271481380067553,-1.400589748187262,1.0
0.40293632282100666,1.751426235132678,1.0
2.5367475587620487,1.0428023320444963,1.0
-0.401361194268232,1.0949269805885882,1.0
3.116802571341117,0.523479727368982,1.0
-1.1411185173945173,-0.7893573237134047,1.0
1.0630762693762001,2.133430987561287,1.0
-0.2479996103788441,2.234752232332028,1.0
-0.7457473796765841,-0.181128320257458,1.0
-0.5664242766478642,-0.4743739603299359,1.0
-3.5531091574486577,-2.912091643168018,1.0
3.2720059727435196,-1.7790697916243063,1.0
-4.320641901440609,0.3469023336927815,1.0
0.40099877722378724,0.1573843495499338,1.0
-0.8592396338377924,-0.31688548864078536,1.0
0.3374439397571338,1.5281822448911873,1.0
0.15711410454615615,2.451663155255597,1.0
0.33452095808784205,0.08880896755612472,1.0
-1.0475271474726506,-0.40434991388144403,1.0
-3.709188916222988,1.3916776191210576,1.0
1.7790123396683295,1.0706257066920764,1.0
-1.141826641890684,-0.49328052557312796,1.0
-1.2919248504832654,0.7333796332193636,1.0
-0.3888537697259562,-0.4439600257799192,1.0
-0.030554831421387554,-0.6751981625245267,1.0
0.5474293912838972,2.1619039621820715,1.0
0.40349425056117827,-0.2988008751401319,1.0
0.6590353929605234,-4.35347779796182,1.0
2.609444089481814,-0.9798727111364947,1.0
-3.8920214764347323,-2.63205453385255,1.0
2.314639771879541,0.2729978652877936,1.0
0.20730272907271682,-0.9032092918154793,1.0
2.852776727389564,1.3986022619516536,1.0
0.02374113879338527,-0.23549464101817907,1.0
-0.8981277820580813,1.1714064405055002,1.0
2.6085351828511367,-1.0525222955749438,1.0
-1.0206476308064847,-0.29518469459936614,1.0
0.8355140770669874,1.9916719890427528,1.0
-0.20277253690999208,-0.593285323717011,1.0
1.6126794526874775,1.4308320319848735,1.0
-1.126418347188339,1.1994937916965829,1.0
-2.3335688000843477,-3.694887099994931,1.0
0.0482397249149301,-0.14105816787673328,1.0
-1.8733232567970701,-3.8057984587972675,1.0
-4.745451088490109,1.534920353956741,1.0
-2.8676779363780356,-1.4404102032008193,1.0
-3.0037715582452296,-2.2766729314404386,1.0
0.5556422343557795,2.363279327376815,1.0
0.25424832176147893,-0.451769304515323,1.0
-1.5704748608739507,1.1842904387222335,1.0
-1.6862350534206874,-3.480012164648699,1.0
-2.4752219290851913,-2.972066679801668,1.0
-1.7294057048514748,0.31946959392980645,1.0
-0.5231543189606619,2.2271324595762807,1.0
-3.8647412714008973,-1.1823216475045601,1.0
-0.554059584420228,1.7994209879371592,1.0
-0.5248039328441934,-3.602684785874031,1.0
-1.0682850077660886,0.30278534549124453,1.0
0.42639008747234497,1.8058802648556624,1.0
2.897591720827428,-1.090391138533903,1.0
1.5599169639986787,-3.714746534648387,1.0
-1.571336285572205,0.4218757486813557,1.0
-0.5525571337704275,-0.30971735671167855,1.0
-0.21635890194116741,-1.0102658810466862,1.0
0.17261862925280524,-0.3864787493679661,1.0
-4.10621052388541,-0.5999177087270534,1.0
2.2404040628774786,1.4877956839224864,1.0
-0.9354880985133124,-0.7322581621102008,1.0
2.8060491681851985,0.8422385035495995,1.0
-3.378528132063205,0.049972913813170906,1.0
-0.03906894215926132,2.6298523915947403,1.0
-1.5577518459189068,1.178918716249641,1.0
-4.516243243603705,-0.4066694070047021,1.0
0.44722835754327706,-0.13891311258691932,1.0
0.4873560243112661,-3.9026247226643425,1.0
-1.1962076654461455,0.9860293296204411,1.0
-1.5968924198124057,1.812919895819498,1.0
-0.4502578638001718,-0.460518416046506,1.0
-1.3219388211909493,1.8203330342334023,1.0
1.2522651477963938,2.3531859057119275,1.0
-0.8280594357066162,0.9580055512115166,1.0
0.4470289744707161,-3.4009980230151053,1.0
-0.8743494628065391,1.8136018681745285,1.0
-0.12500243966434954,-0.34594524937954113,1.0
2.8571668041608396,-2.34603710127184,1.0
1.8501490072790239,1.7912830503214279,1.0
-1.941131849202585,4.079935081321298,1.0
2.519295069914922,0.719042931709162,1.0
1.9938219476397236,-2.9285553227434256,1.0
0.8025930255248945,-3.691305141103218,1.0
-0.9618627829020098,0.08517641442061469,1.0
2.918863702122956,0.21505488463098904,1.0
2.7145337925020154,-2.609677658197905,1.0
2.539919970309685,1.7648241331033694,1.0
3.051042271265817,0.5660070573067264,1.0
1.304151927094722,2.333063410908745,1.0
0.45014253705505325,-3.30282580712958,1.0
0.5776831504610769,-3.863996392593737,1.0
0.09349753779543013,-0.6461943586132559,1.0
-1.9254103819417077,-3.657793467608306,1.0
0.06823276195452246,-0.18822528973341224,1.0
2.989341088355001,-1.4222098406059138,1.0
0.40573538700688416,-0.027173506772178696,1.0
-0.13742284823298354,-0.5743631742037244,1.0
-1.2744233041343398,-0.3783070088918308,1.0
-0.3338309134115282,2.0230101195983026,1.0
-1.5997784392782877,0.5671587542148817,1.0
-3.0606529155597184,2.9439486493428806,1.0
1.610187358708896,2.161199790323339,1.0
-0.8954901117383712,1.2778562327346203,1.0
-0.2403654053179671,2.230919098037554,1.0
-1.2012789354648608,-0.13734403739787499,1.0
0.17818142688249203,0.24303554475285483,1.0
-0.8983377062662272,1.4929047164993365,1.0
-0.0011947838344385925,-0.26580726056543647,1.0
0.18119576179348146,-0.2001534263783401,1.0
-0.7052449155257915,0.20202208691655696,1.0
-2.9751617537008843,-3.496997987883014,1.0
-1.26467779612955,0.5433326248448531,1.0
-0.08833359219678795,-0.42056665002890936,1.0
-1.1136542421320867,1.2978605232750784,1.0
-1.1948771242400373,1.3304447524848872,1.0
3.4602207177045368,-0.5285050248536409,1.0
0.24142294582963253,0.12833569951366827,1.0
-0.5409993940558022,-3.485245581421763,1.0
-1.6016927856362184,0.5013908981040457,1.0
1.5293032224311494,2.365160484215921,1.0
0.4012111967409525,1.9348173185979567,1.0
2.0116914011472278,2.058490674956605,1.0
2.1952902551125755,-2.844154378726356,1.0
1.5560732141774718,-2.8067159844561576,1.0
2.485316216769763,-0.40935155538501494,1.0
-2.516864865296456,-2.9938904983334815,1.0
-0.38234052761801035,-0.9109589778159541,1.0
0.683807979666345,2.2016530968415946,1.0
-0.7277964304212099,-0.520410794165902,1.0
-4.464062035142957,-1.7149604824723235,1.0
-0.8727863750897097,0.5934600148554894,1.0
0.7736485585053009,-3.470180048139368,1.0
1.9160381344671018,1.662244188032405,1.0
-2.637987299752217,3.570347461774233,1.0
-4.034583189431878,-1.7166218895400391,1.0
-3.9087135309158456,2.2307483789732667,1.0
3.589920710056897,-2.1440554854873817,1.0
-3.798005055139547,-1.9533207858044477,1.0
-0.1283577257826228,2.3432169513621908,1.0
-0.13572981874329704,1.9701032950212267,1.0
-0.3237400777664625,-0.3160702786710471,1.0
-0.16281095520509498,2.203571946179905,1.0
3.167681633894439,-1.2398788951053046,1.0
-0.8427497278218216,1.7424424325133714,1.0
3.1695725258981136,0.1780119982755003,1.0
3.0182439582942187,-2.310433990826017,1.0
0.3138461092741771,-0.09545849292723878,1.0
-2.9803402517999333,3.347142881390811,1.0
0.2701520442342515,-0.6334375109249358,1.0
2.6307379036879253,0.7363824937634283,1.0
-3.110996576020392,-2.9754897030898015,1.0
-0.3034658521505855,-0.7133960653869211,1.0
2.1191372941283677,-2.7350832099185625,1.0
2.6525081399623134,0.5608701146666519,1.0
1.4505152639609267,-2.457506161957939,1.0
1.6179324500101107,-3.1773799589293446,1.0
-1.7064620121113017,0.9157797870204587,1.0
0.3820636592476089,-0.014308661468656753,1.0
-0.830182124267417,1.9147444877798787,1.0
-1.4901958309079038,0.1860657474520338,1.0
2.302798662493485,1.0097188299579183,1.0
-1.6874957963578567,0.9888194303907616,1.0
-3.492287090245266,-1.7874272851114463,1.0
-1.4560304688129824,0.4181339718983074,1.0
-0.7224712050081598,-3.9933292170091597,1.0
2.704489607896517,-2.018553389849256,1.0
-0.1728683140559179,1.9527419621068833,1.0
-0.8301386903363536,1.1543817538092718,1.0
0.11414667448251845,-4.0741481906320365,1.0
0.5106866426357832,-3.666379620563606,1.0
1.227902531446999,2.3202958337949426,1.0
-1.000253780919472,0.05517342114160796,1.0
-1.480054601390851,0.3620029908515091,1.0
-0.0724045507754883,2.126898335457398,1.0
1.8767621785363695,1.5653755400013682,1.0
-1.0857991712024602,-0.472659578768982,1.0
-1.9484716014251093,-3.347187996835425,1.0
-2.5940164569355475,3.5077356297271955,1.0
-0.9393549479787519,2.1714116973902318,1.0
-1.0626584967310517,-0.8467257276552216,1.0
1.7104112621364709,1.3202269408855971,1.0
-4.1239873256709005,-0.05714528202648876,1.0
2.1621157190508744,1.0418103986599287,1.0
1.7215563189062637,1.5384450448727245,1.0
-0.8967380619361169,0.4469041728646904,1.0
3.1055713508560787,-1.4791990500177867,1.0
-1.6135195128103674,3.8615568917998226,1.0
-1.5053613283411476,0.14417142995280896,1.0
0.10607726662243683,-0.33510487207893525,1.0
-2.604881300406105,3.3315765962034276,1.0
-0.2964925741919274,-0.04914703793670098,1.0
-0.0907701483651572,0.01992724211774283,1.0
3.2540956422617704,-1.2017537568839871,1.0
-2.085210322180515,-3.2633678833109383,1.0
-0.991388355405626,-0.03515877939073056,1.0
0.24154222766259065,-0.34440235775538985,1.0
-0.9642997072814339,-0.6972826137589062,1.0
-2.6103626654075054,3.7289418290884386,1.0
0.3010918166178559,-0.07736481055592265,1.0
2.1488938436796383,0.9552324086714528,1.0
-2.2132128826038135,3.556934375590484,1.0
-1.2509711057773127,0.504390884067748,1.0
0.16244242269269576,-0.549888830253726,1.0
-1.703349098195963,0.2683548908600192,1.0
-1.0418596659768393,1.9157842602892918,1.0
-0.1212432253740379,-1.032990865825758,1.0
2.7263573580988325,0.39851168974911855,1.0
2.2742434275659362,1.6534075064764115,1.0
3.4035583406195786,-2.044029382829361,1.0
1.5367369521231065,2.2829270858124318,1.0
-0.030168506901993963,-4.491575046858986,1.0
0.45418339781256767,-3.393442788934441,1.0
-1.3279174216106262,0.2014592829355475,1.0
-0.9467420769843995,-0.5333524430636057,1.0
-0.6388720933942463,-0.11791379106075514,1.0
-1.8410684302462594,1.191589267580686,1.0
0.2276702723354755,-0.43971523285881464,1.0
-0.5136553916850528,2.006100632263595,1.0
1.3646948624807675,-3.0263384704843697,1.0
-0.15853482251398934,2.348863668720843,1.0
-3.2961933785771635,-2.59139269692108,1.0
-0.9164883036744613,-0.4453765598542343,1.0
0.11145751458362307,-0.39756365456491544,1.0
1.1164343873814064,-2.2379879105611855,1.0
0.08265302000764439,-0.2548755563138458,1.0
0.010906504418506598,0.12346735332203038,1.0
2.3778529349760373,0.53193063020184,1.0
-0.16077998223155618,1.9084459429469371,1.0
0.25187681672679874,-0.09651786648551713,1.0
0.15309239214790227,-0.404053737343543,1.0
0.9777547715695412,1.868436290353819,1.0
-0.5344031693619786,-0.8767213639217701,1.0
-1.8668830436025483,0.08352409897924987,1.0
-0.15372104899650224,-0.1972914610881124,1.0
-0.9575754487210346,-2.7950689687090873,1.0
-4.010250518471217,-0.9730317274773347,1.0
1.6136939457829533,2.4329791971014805,1.0
-2.206996854490163,-3.414136735818657,1.0
-0.6542423499996983,-0.8935887321730003,1.0
-0.6375153631982882,-0.48320941861196764,1.0
-4.204813413912817,0.826446755062487,1.0
2.6591909477070623,-2.1326028108111217,1.0
-1.2459375426311083,-0.11489824173054015,1.0
-1.497897074384792,0.9919022140167288,1.0
2.0169412982303427,1.315374048348355,1.0
0.2399561126958658,-2.989241342507425,1.0
-0.27940895287861345,-1.0251275801575157,1.0
-2.0860002292604936,-3.154974354911542,1.0
0.46456586544242723,2.215820591975266,1.0
0.0032702666034524486,0.05070118518194516,1.0
2.6829507790210347,0.06444855435521799,1.0
0.3986009366342733,0.18024312247181185,1.0
-0.4030399548207261,-0.8711441324290454,1.0
2.4680830564197147,1.5968840937087676,1.0
-0.5549128568095281,1.9317886860155422,1.0
-1.0849903522747555,-0.2101150087297254,1.0
-0.04223930581573632,-0.6675492713276915,1.0
-1.9464182276607769,3.394777104746638,1.0
-1.3849594292484682,-0.07080364572653089,1.0
2.352896253008741,-1.7356237733429807,1.0
2.7509151305060637,-1.9359263258535881,1.0
-0.935728498721092,2.217893493481446,1.0
3.0347118515126263,-0.8042866767656819,1.0
-0.32052196837430913,1.9834945529021388,1.0
3.006884086690221,0.8519844780686692,1.0
2.7591701341859465,-0.40784976776091697,1.0
-0.2233315942021635,-0.6686642356070138,1.0
-1.7648463375373236,-3.473929973131091,1.0
-3.674704669547506,3.199092516094577,1.0
-3.8358833437437476,-1.8881383185660938,1.0
-0.05606561848163595,-0.4116321469453247,1.0
1.3851925461239603,-3.033262740753787,1.0
-3.9910680870219344,1.8535246286002147,1.0
-2.475096909470139,-3.545158765488382,1.0
-0.8338595024363994,1.8747405130248094,1.0
-4.451135818123387,-0.12742431823601746,1.0
2.848779535233274,-2.3066325312050044,1.0
-0.20584127211969955,-0.6777490441740617,1.0
-0.00972157199894022,-0.4508620660720345,1.0
-0.49151920520534054,1.409709466521666,1.0
-0.28432308035013076,-0.5640782089900039,1.0
-3.2690008652569498,-2.7384228091445406,1.0
-0.0651811184807202,-0.006400123675874045,1.0
1.3133663131801334,-3.0961078469319907,1.0
-0.5266294755020121,1.9952032897658847,1.0
1.1961452867901883,-3.7221886622683362,1.0
-0.8893412585401836,-1.1567391279620358,1.0
0.2757604019749582,-0.41145587487091606,1.0
-0.06864009375960893,-0.132455453894386,1.0
-0.3681528287747168,-0.6804448118166602,1.0
2.781145686957143,-2.556153861740976,1.0
1.1400826492927907,-3.3355900767088267,1.0
-0.9037449274425429,-0.45064066990367896,1.0
0.24555389135325179,-0.04940873233133372,1.0
0.6076637475926211,-0.506758547156416,1.0
3.4265804037879257,-0.10729618536129024,1.0
-1.4009860369976463,0.36142347947055065,1.0
1.7168995569198282,-3.05692335377683,1.0
-4.232193295658784,1.0688734047020851,1.0
-0.1513456860538677,-0.3192286273605502,1.0
2.7571152864225064,-0.562221048790787,1.0
-0.7529765844488461,-3.654967265310499,1.0
-1.528946339830893,1.127904851284324,1.0
2.0234670511837196,-3.176745836468102,1.0
-0.2787900132035944,-0.1750220222857477,1.0
2.838840757058032,-0.39693530326172444,1.0
0.0522777991856217,-0.25132217488264386,1.0
0.11945584147793811,2.457492166781048,1.0
0.896865084697288,2.1130686392084885,1.0
-1.3783545249921072,-0.4187452718428717,1.0
-0.4915710636016939,-0.46056959584274115,1.0
0.04336693792674101,-0.0928452046560389,1.0
-0.274535355740466,-0.6556235204279991,1.0
0.43184533086013577,0.11103914208389797,1.0
-1.112990145449652,1.0490689309747823,1.0
0.2798768785051028,-3.29031992156098,1.0
0.41965931056450867,-3.146512453948081,1.0
2.643161460364566,-0.6524925199709395,1.0
0.1973247743591709,-0.30844997943514035,1.0
-0.9100984243200291,0.849625369979866,1.0
-3.748526546276077,-0.8959442927814163,1.0
-0.8658323385565234,-0.916008729561672,1.0
-0.6911222894543447,-0.23639605323862817,1.0
-1.346318910254095,0.059942894284506686,1.0
1.1044444987223367,-3.225050111195739,1.0
1.9638052967984179,1.0366033175529854,1.0
2.8845990025965778,-0.554099132953667,1.0
3.088649530707047,0.3118132109860037,1.0
-2.451754417641928,3.7359475501081767,1.0
-0.06708099148001219,-4.343605718595741,1.0
0.7476022205583585,2.3340238761464427,1.0
-4.409770585525979,-0.57365240416394,1.0
-0.20383731161900073,-0.0310547240832319,1.0
-1.0942478577956607,-0.44429229014928684,1.0
-0.8541188057459157,-3.4310779958546767,1.0
-0.49098257004478507,-1.062629525404971,1.0
1.833853652638607,1.6596191015553705,1.0
-1.5086243426830193,-3.844728665937432,1.0
0.12984166047841084,2.185884112688933,1.0
-1.451361107657286,0.013688821963576736,1.0
0.30501713640980754,-0.4193323134639243,1.0
3.0023139716633946,-2.104737492333047,1.0
-1.3730017905331235,1.2681283914298744,1.0
1.6353851698003508,1.68150193172224,1.0
0.5309058511013198,4.594617767107036,1.0
-1.218062155958368,1.145153380538207,1.0
-0.7967244757603843,-3.4242006151674516,1.0
2.532732791731318,1.2741743660596525,1.0
-0.628414752669602,-0.3639933912422042,1.0
0.22721000349315756,-0.6177939543740671,1.0
1.7543328573394215,-2.3024876311664677,1.0
1.882051262573648,1.6159242078859621,1.0
-0.9877861434624067,-0.39195585149218304,1.0
-1.747353570410663,0.6686714259747747,1.0
3.506840134379735,0.11874224639915702,1.0
-0.36897862477658483,-0.656468815093006,1.0
-2.2876866807551735,-3.1406800065871563,1.0
-4.417101759699625,-1.0290144544776025,1.0
-0.27735485960938044,-0.4977343461631014,1.0
2.1090451745070062,-2.569182918313449,1.0
-4.671551205770836,0.20562880633879416,1.0
-0.7872421872292775,-0.6138249469648551,1.0
-0.26859793649023417,-2.8230434278309064,1.0
2.291222862023068,-2.408736802908175,1.0
-3.6986871303511952,1.347700877377441,1.0
2.7491166604626738,-0.3193070924583665,1.0
-4.341445896767028,-0.5271271336123406,1.0
-4.458216642053314,0.19303638197472547,1.0
-1.053909705126915,1.2448679248657963,1.0
-1.337147474142447,0.8151009949278516,1.0
2.984798873901649,-1.7443614089754538,1.0
-2.823550555110307,-3.085075612098205,1.0
0.9316650114176501,1.7340229035005084,1.0
-0.2386269119592095,-0.39659985166163225,1.0
2.3188072155783686,-2.4292907269647723,1.0
-1.0069711835821373,1.3558907373539406,1.0
-0.30636526411898674,1.2684988219680275,1.0
-0.4173689057933455,-0.7555037991664753,1.0
1.9625481838211294,-2.8308320450793025,1.0
-3.536636832921717,-2.3082133179935145,1.0
-0.9941337214979696,1.3062792701495098,1.0
-1.5772737725597148,0.9261345968042767,1.0
-0.7184285544740177,0.5068093802713882,1.0
0.3030761465134003,0.1613769902408251,1.0
0.14248241476265758,-0.20678321980156802,1.0
-0.552965206305253,2.0204094074633017,1.0
0.04323791299127189,1.7323298809208223,1.0
-4.227570062912837,0.12260415058786127,1.0
2.9928058717868744,-0.02637969784369943,1.0
1.4762314252729498,2.0933490983183116,1.0
1.0266210755728449,-3.3705601677156944,1.0
2.9223769429608057,0.7352790098852932,1.0
-1.1278050723129003,-0.40943152945114153,1.0
2.1495261282288487,1.4891129929399254,1.0
2.0368645308235718,-2.265972950501372,1.0
0.5843508186289416,2.739917090622097,1.0
-3.3021469071320735,-2.342296292595778,1.0
0.06513412343444014,3.0414079345070633,1.0
0.20003884567910318,-0.41736848244733815,1.0
-1.7640541991110328,-3.8672938294442973,1.0
-0.912051890025138,-0.7633512419619788,1.0
0.06276541389007917,2.198319422350788,1.0
-1.4969333333178463,-3.1464379413886796,1.0
3.150908049178307,-1.1540730466837636,1.0
0.22147432646560272,-0.3738495243063532,1.0
-2.158832977625256,-4.29696438064806,1.0
0.08513163725234196,0.018310249161427372,1.0
-0.9394266999229212,-0.6509838755533103,1.0
2.8737245830434817,0.4312774237164105,1.0
-0.5959194511475736,-0.24607664817100267,1.0
2.012995760004043,-1.5474543444346054,1.0
-3.693677822896824,-2.4857995301510094,1.0
2.8866880412468565,0.45601055763683374,1.0
-0.23194909319633975,-0.22413696040086295,1.0
-2.5029100921934893,-3.6148802450584254,1.0
-1.3250891805565241,1.357516346531341,1.0
2.1121962228432416,0.6060416208624293,1.0
-2.9247084502104284,3.5539250298106753,1.0
3.3251799380585583,-0.4310893855368242,1.0
-0.03479296741691504,-0.8411231868166575,1.0
2.014279213680295,1.5802874852745792,1.0
-0.8651222678142019,-0.5276886952648806,1.0
1.7037928170774055,2.4291415258331415,1.0
2.6304474247770067,-0.6598556131791102,1.0
-1.379945771313358,0.7178852114325416,1.0
-2.0139100777635948,-2.938881109067006,1.0
0.12324613887637093,-0.3216250562816295,1.0
-3.291091000837554,-2.512060959423071,1.0
-0.9544532543967369,-4.193846392722201,1.0
-3.906573932674228,-0.8080730442419596,1.0
3.340872605345568,-1.0768411096050454,1.0
-2.6200182921183424,4.043593136844042,1.0
-3.2423555413057987,-2.5618889816211734,1.0
-3.1503538823810535,-2.9415092490393495,1.0
2.6763218179281676,0.8792936309989046,1.0
-4.215231648118326,-2.196165465529684,1.0
-4.280933505014355,-0.5253675943633235,1.0
-0.6097913241619586,-0.8989496139912312,1.0
1.195591407996947,-4.1346334959416335,1.0
2.4133625972959982,-1.9012938502314354,1.0
-1.4549350382477588,0.48840234332168614,1.0
2.782687013757857,-0.49491620601801034,1.0
2.729609204501446,0.6174569135914394,1.0
-4.3847389763752265,-0.7357361740818276,1.0
-1.0554521338753005,-0.39715966823583515,1.0
2.7982823104048964,-0.9323031863218625,1.0
-1.4245228744812637,-3.2599019890135486,1.0
-2.318968346850875,-3.759793752593702,1.0
2.8748407162370895,-1.9338068571968625,1.0
-0.3238602845592254,-0.5035217062755122,1.0
-0.6687119481919732,-0.6044460531374066,1.0
-0.1789258267651046,-0.8252870294513341,1.0
-0.2887962187707191,-0.3352806154789633,1.0
2.858000109075945,0.8511093503350116,1.0
-1.4163051677407537,1.8953675980794484,1.0
2.6026073670932273,0.7008980771634326,1.0
-1.0936317006366463,1.6316536276589406,1.0
-1.016465368307529,1.4306234825529904,1.0
-1.4812714471287893,1.5774972425289264,1.0
-1.8727538285563474,1.348381522286495,1.0
0.036035065283906154,-0.5790793459921465,1.0
-1.1518106632653904,1.0095084797770082,1.0
0.031153236870711958,-1.006142244847368,1.0
0.17396985668866746,-0.4559097655908845,1.0
3.4763810229759375,-0.829490120891209,1.0
-4.463013917896552,0.21627244172389493,1.0
2.930477430282067,0.4247565960785948,1.0
-1.698305094103218,-3.470903384344962,1.0
-2.894045297338339,-2.7721204459961246,1.0
-0.5245139093759236,-0.7413978551662832,1.0
2.9679737319441752,-2.0614734599223112,1.0
0.43464278135069856,-0.2166438504409154,1.0
-0.3138076389966017,1.7975204269659217,1.0
-4.238996712190717,0.8737581805503468,1.0
-0.9822678532253404,0.7508739030965906,1.0
-0.8344911377652355,-0.8771200270651152,1.0
-4.735451849571369,-0.4368713909992903,1.0
0.1566560144379103,1.6602400412864913,1.0
0.6696929026958576,2.2903887636390454,1.0
-0.4092841370214352,-0.0795696676044873,1.0
-0.34897484136327095,1.284044398290952,1.0
-4.603378949047001,-0.8970120123398191,1.0
0.059499156134071286,-0.46361777285993133,1.0
-4.416005429833378,-0.29173897138935484,1.0
-1.7525445595986933,0.7524669613200168,1.0
0.43009914270048816,-0.0740292719559941,1.0
1.1708470838267468,2.6119402803597396,1.0
1.560760210228,-3.1682088764964242,1.0
-1.0827870502030346,0.5203015896352371,1.0
-2.295331177686265,-3.18112940997597,1.0
2.5472500181282665,-1.079235055650248,1.0
0.31359656243042955,2.251109549700084,1.0
2.190375186370024,-1.0195066888879465,1.0
-0.370861131541328,1.783274098337495,1.0
-1.6345673962746838,1.3997992314451486,1.0
-0.466416006294285,-0.5711999378919739,1.0
2.871453441257522,-0.5170357381844004,1.0
0.9975852168058899,-3.0578133357518382,1.0
-0.5674142738176623,-0.32683013834900876,1.0
-0.12440178038667406,-0.36513066036613506,1.0
3.460555027073254,-0.3392032626941398,1.0
-0.8302365162433127,-0.7337439040110134,1.0
-1.2488907596803163,-0.8347823550173805,1.0
-1.6335883922343806,-3.691418133505299,1.0
-1.3706150879678498,-3.2132426567263637,1.0
2.743180697360284,0.12091637927039084,1.0
3.092887993561476,-1.6237359226301156,1.0
-0.6159292552460934,-0.8290650164813966,1.0
-0.41756453006832395,-0.863087800448183,1.0
-0.08439004442920722,-0.018623978173304634,1.0
2.1802331569993534,1.313397530579992,1.0
-0.1357955691848488,-0.12591665757070866,1.0
-0.14117401016359604,-0.6268379344611421,1.0
-0.3674313328944879,-0.997997118780604,1.0
-1.642901237319565,4.434034374993048,1.0
-0.5385231181278346,1.9687832082182648,1.0
1.6286243523374915,-2.5711816775649687,1.0
-1.624253149463471,-0.07448919138094838,1.0
-3.030068651133666,-1.8589236155329305,1.0
2.5677095230751195,0.12181835198639346,1.0
0.568842015086358,-3.509234305371353,1.0
-0.8871705569268429,-0.883882216240929,1.0
-0.4050848846643741,-0.9330706014163342,1.0
-1.287676433992709,0.577238963823101,1.0
-0.584452938633989,4.319498414030966,1.0
-1.1953638556668984,0.7546575567971896,1.0
-0.9404826487143185,-0.15796683609192852,1.0
-0.6108290770087773,-0.8038558718534211,1.0
-2.0448379058639095,0.4509085822400612,1.0
3.067798494053566,0.569583077299099,1.0
0.05476868691220338,-3.2539467823651638,1.0
0.045991850485137875,-0.636654392126772,1.0
1.9425856127618617,0.9776219352471658,1.0
-2.80965766757147,-3.26015325097476,1.0
-3.7147325236377813,-2.8375560768774926,1.0
0.046398085025366576,-0.6521721020874132,1.0
2.610042998685326,1.2521549304876265,1.0
-1.4300335091157208,1.3147806522024856,1.0
-0.4882606388877382,-0.7819706568113016,1.0
2.8062160534412186,1.391160324141284,1.0
-0.9270516548617347,1.104807401889227,1.0
-1.3066155428541197,1.017233540373947,1.0
-0.8840412211106196,1.0792151516803217,1.0
1.8267686351625207,-3.1684198627852336,1.0
1.0533304988024286,1.9808297360814746,1.0
1.7029406301401884,1.821112251494982,1.0
-3.6819606281327077,-2.5097269950138035,1.0
2.4544254488663655,0.5864701469097433,1.0
2.5267628515929648,-1.4011076269411953,1.0
-0.6648688829587334,-0.669499071295015,1.0
-1.4610725641309994,-0.24668089362013612,1.0
-3.580729196878727,-2.6863168782750635,1.0
1.9333621065013116,1.6795169721157983,1.0
-1.3921392844978107,0.8205473834478763,1.0
-0.10536348018849742,-0.14572863937746444,1.0
-1.3153182421854397,1.7374950507848095,1.0
1.0580524253215857,-3.2165455905395044,1.0
-1.2318044576973328,-0.005727006346745722,1.0
0.40228543919890236,-0.15385758876122257,1.0
-4.17452346821328,1.668932342094596,1.0
1.8421219428021907,-2.303807091071677,1.0
-3.4734747566147477,-2.355499911006754,1.0
-1.3427693728287908,-0.428560915566606,1.0
-0.20318443661079466,-0.5437326458335812,1.0
-2.77096075363506,-2.9701793972317243,1.0
-0.543861676266803,-0.6012318919342781,1.0
2.3223072410772687,1.1736591357516084,1.0
-0.3959100361352564,0.06196216774037625,1.0
-1.2306736604156643,1.1415797388867281,1.0
-4.28511567575205,2.0073508404001554,1.0
1.701958178395789,1.932956359373803,1.0
-0.9564093138107765,1.84612957160494,1.0
-0.5340571831707047,-0.4759042785881026,1.0
-4.059452546389776,1.7580480360159847,1.0
2.4431793324290534,1.2271356064181385,1.0
0.1715982309922231,-0.36910991382518715,1.0
0.24447499307498788,-0.3165071402942965,1.0
-1.418051902786013,-3.8331390923061743,1.0
-3.955407724888272,-1.1176238043298936,1.0
2.2680916395228303,-3.4578643867720738,1.0
2.8995565778686796,-1.726285946427454,1.0
-4.3618486983700935,-0.8464692757616078,1.0
1.7591543421047606,1.6500385661412447,1.0
-1.559617810989014,0.5729241542503982,1.0
-0.8953895847966763,1.727191722508621,1.0
-1.2829314250784312,0.982933821628003,1.0
2.068300038092239,-2.294907735385214,1.0
-0.3985470595572552,-0.1650209805203391,1.0
-1.3793495833859413,2.0834168272651152,1.0
-3.5340764766297315,1.9580398037254492,1.0
2.4886275351896208,0.17820681419684942,1.0
-0.07220247388647708,-0.4210026588188674,1.0
-0.713337945439037,-3.9275809170225067,1.0
-0.4307508096379666,-0.3295075498914998,1.0
-0.09352188235094766,-0.718015113391604,1.0
0.4169724846538672,2.091207593282063,1.0
-0.6970686991709804,-0.6334651658327576,1.0
2.0348526562530864,2.003989249334894,1.0
1.360668602072467,2.1306424196023332,1.0
-0.0459917661430987,-0.699549054104389,1.0
1.8663986648288746,1.6159647585594268,1.0
2.357867912714134,-1.8580406668803624,1.0
-2.906776413766219,3.640702293374926,1.0
-0.09473556764672664,4.5091568645960756e-05,1.0
-3.095274564425841,-2.164992176058243,1.0
-1.5517379076370168,1.5197454188781465,1.0
-3.6112857637192595,-1.5623547610040116,1.0
-4.573999684986616,0.8270620278838652,1.0
1.7485317496204251,1.367429532008865,1.0
-4.503012799991842,-0.8599465189052764,1.0
-1.5475591185355073,-0.25320501365224146,1.0
2.1328936419844626,1.2564636255074433,1.0
-1.2782874829810444,0.2124116890162026,1.0
2.331233818649163,-1.8880867710211287,1.0
-1.2237404164681605,-0.4999204645240992,1.0
3.2207996846979063,-1.5301093172491385,1.0
0.5712794644818052,2.432012911948943,1.0
-0.1185186780159987,2.207510701741712,1.0
2.691770292072323,1.0477620751718029,1.0
-1.1043989383602861,-0.7430607113132394,1.0
-0.730034167006042,-0.45954339044409603,1.0
2.9502803244463003,-1.4243951858916857,1.0
-1.0662108482663137,-0.06154083112512776,1.0
1.9863251961570902,1.7518998438721727,1.0
-3.5419242564408577,-3.065994933463069,1.0
-2.9192732739828964,3.448031111355967,1.0
-0.2942526279618763,0.29445079345196573,1.0
1.2008628113572395,2.395434703134271,1.0
2.6545404331145663,-1.9147838516759714,1.0
2.781044249535158,-1.1272721987092784,1.0
0.1763985762664786,-0.6223778811475211,1.0
-0.35453669581356456,2.000649414595169,1.0
3.0925837780530743,1.5077453707258321,1.0
2.0617707944895893,1.690966192719788,1.0
-2.3809702126298595,-2.9516204010320974,1.0
-1.0667100860066083,-0.7751603530649764,1.0
-2.0194753224421316,-2.9967029300086314,1.0
1.9183531866857124,-2.378366064642348,1.0
0.1292728382579884,-1.1497194919459626,1.0
-0.5842389342290334,-0.03263431260122995,1.0
-2.3676924934071355,4.202474320236682,1.0
0.9998449959913809,2.617975746333387,1.0
0.11623082662565865,-0.35915032645206635,1.0
-0.8216242668725587,0.4352663617682172,1.0
0.0093341293719717,1.9389001897687141,1.0
-0.48177850252177834,-0.7510743627003906,1.0
0.9165051080834417,2.1287867203898334,1.0
-1.3278393757650182,-3.415257140877995,1.0
-1.714986972264344,-3.59409377421159,1.0
2.9807893398637715,0.4165702763446958,1.0
2.2836883563838133,2.278067946374492,1.0
-0.8552973389394392,1.2658968241751152,1.0
-1.033918331484851,1.8620487102391274,1.0
3.2368906878208925,-0.5269275569867102,1.0
-2.4793236561371153,-2.8640774167040655,1.0
2.8367952043528755,-0.2587791786406364,1.0
-1.1815567756695668,-0.3967140912752144,1.0
0.21379407871168604,4.994086060620864,1.0
-1.4574197341827548,1.0305703568767166,1.0
-1.7240083381611486,0.01927586348666621,1.0
-0.3753215513208625,-3.5326400083390355,1.0
0.20823974692635128,-0.34253136138883267,1.0
1.676888979648992,2.4970611916830636,1.0
0.13746145680856753,2.2657912107542435,1.0
-0.8247735071127948,-0.5495013192087668,1.0
-3.226210174585352,-2.854688073322312,1.0
3.2893560320408923,-1.8535484734301755,1.0
0.22031852701149893,-0.40029107073709,1.0
0.2996320947836988,0.2041249946191228,1.0
2.6328470444495533,-2.0786458691146015,1.0
-1.3659848782242938,0.30420705702940354,1.0
-0.3038894130633324,1.5680481641925095,1.0
-0.8668162627899938,1.1442415825403534,1.0
2.3607279101715397,1.5838369101076721,1.0
-3.8068733738605123,-2.503610135589879,1.0
-1.1943573302935029,-0.0029777349293262645,1.0
-0.06658089075420459,-0.6529490358310819,1.0
-0.20529949335645453,0.13348929979587762,1.0
-3.5500396563406404,2.8871700848913857,1.0
-1.1344959539607713,-0.08419107267124176,1.0
-1.4336972356957443,-3.0920768184219702,1.0
-1.7506022747346137,0.8501622624121721,1.0
2.913064752141108,-1.5146800226238664,1.0
-0.03784558871381592,2.20418232061248,1.0
-0.5294053185812162,1.61905234950719,1.0
-0.9731700749031438,-0.6797025141371108,1.0
0.17879606700276202,-3.948958031765993,1.0
0.12561271718204625,2.311013244799591,1.0
-0.6415059193752041,-0.9349718681191637,1.0
-0.365476579096114,2.201682685531934,1.0
-1.4132202849978277,0.39906461859608783,1.0
2.2346480189251396,-1.8095115428428628,1.0
0.4948946593019,-0.10196099836374131,1.0
1.111373948547767,-3.223853050690706,1.0
1.4674435848495844,2.43920245682723,1.0
-2.462123384835566,-3.623135581525718,1.0
-2.594054002803568,-3.986102731242517,1.0
0.12443264786359012,-0.6695033058576706,1.0
-0.8983923542020599,-3.0005897281054468,1.0
-4.074994837878099,1.1225424881482833,1.0
-1.295370437207418,0.22882210090498128,1.0
-0.8810107128717558,-0.04825397821133526,1.0
-0.8652277626173558,-3.30266996970417,1.0
-1.7543487774392985,-3.636778367937387,1.0
-4.594173874574328,0.37898228767221487,1.0
-0.15043114801710872,0.16748839411561148,1.0
-0.40584290483923563,-0.508026623585442,1.0
-0.019786868608077324,2.2056450411697957,1.0
1.9478677909657653,1.4450960124965069,1.0
-0.09851962572072742,-0.06693974652741609,1.0
-0.025867157938008006,-0.08077279473400895,1.0
-0.3256683738968188,-0.12163409851302454,1.0
0.10813038400184116,4.7247572102834825,1.0
-1.247350070753288,1.1006228548482055,1.0
-3.4308766877321073,-2.8152699439980893,1.0
0.16182797348996497,2.3368879932751994,1.0
-3.1904900855956244,3.3997078269402947,1.0
-3.015846656778329,-3.3550750084565166,1.0
3.1964661988145795,0.23951994473502913,1.0
-0.6860746031473861,-0.7867634495525216,1.0
-0.15677945767566864,-0.6818622560357779,1.0
-3.7383203180456452,0.9965774655885752,1.0
-3.641866549541694,2.128096764358669,1.0
-3.8828798613639055,2.2240593351304114,1.0
2.9317922470743123,-0.6219505125210467,1.0
0.3873670806341495,-0.3473576700227885,1.0
-0.3869679720582065,-3.2239448073986874,1.0
-1.7967884359132007,0.06804433449152925,1.0
0.026478560653967254,2.154361278771416,1.0
0.2516458889592549,2.289519496498623,1.0
0.3620270568556322,-0.3456064282636572,1.0
-0.29919121388088377,-0.7381192019366885,1.0
2.288438860155552,1.3000869288611032,1.0
-0.1637965070636653,-0.5363967411515466,1.0
-1.2450731727158824,-0.18277922686179215,1.0
3.1546801936486353,-1.450701439152263,1.0
-0.5096675591828957,-0.6490925825517941,1.0
-3.5558968900042514,-1.8723761678381519,1.0
-0.5874999149997109,-4.574679896690491,1.0
-0.029280561307305213,-0.8082529636080548,1.0
-4.299570147444681,1.03888704269284,1.0
-1.3344449054648295,0.2435494938419976,1.0
-1.2433342745621108,1.216291301315675,1.0
2.449563561128464,-2.1173545324160554,1.0
0.15788293310986634,-0.007692360187990244,1.0
1.1881334660221146,1.9893035134242942,1.0
-2.508331711458332,-2.8463524423927304,1.0
1.4456700057221012,-3.7477567795360684,1.0
2.60097543370866,-0.6293345853474979,1.0
-1.1476866327638626,-0.4137028208675735,1.0
-3.3039618208688526,-3.1908007089438883,1.0
2.9612389957699214,0.3771258462388863,1.0
-0.25726222094793294,0.042892899449946426,1.0
1.801647869229233,-3.5661511901929472,1.0
-0.6333079850704246,-3.8723016442861975,1.0
-0.8380716608017995,-3.7589775312249762,1.0
-4.271574564730101,-1.133127265903427,1.0
0.2747205559140459,-0.6710079246813642,1.0
-1.0937889662669467,-0.5174128155855982,1.0
-1.4475320221739145,0.8225412760761703,1.0
-2.346230946622686,-2.777344891933493,1.0
1.2254861138268311,2.3446844382953156,1.0
-1.3766519241647392,1.1458253457480665,1.0
1.8296354886014665,-3.1687258598932098,1.0
-1.2122940864104625,0.13931577108772467,1.0
-1.1797451689261402,0.5150684552301148,1.0
-1.5376290143358724,1.1603905422509917,1.0
-0.9926557173124982,-0.494952754683296,1.0
-0.4600131805486558,-3.7269095488263164,1.0
-0.41900321828327075,-3.8646169442760434,1.0
2.6827513026127447,-1.8090421240126768,1.0
0.45570829133992574,-0.6890584606481877,1.0
-1.5249087100525789,0.46180478740105013,1.0
3.326535268093303,0.12756123653472873,1.0
-1.2842590241931289,-0.25149156991071026,1.0
-0.6293486018175072,0.057804472758321415,1.0
-1.3596164820531282,0.5560294958291541,1.0
-0.5002862869217365,-0.6696036899419124,1.0
-3.011305898525716,4.062855022320484,1.0
-0.9083131278547691,-4.029610239349135,1.0
0.777344007008346,-2.7771972338240363,1.0
-2.452666987931872,-3.7619100591562953,1.0
-1.3585936058855623,-0.18046731098956537,1.0
1.0458668140469571,-3.4618107212624647,1.0
0.2243380708683683,-0.6107457671460176,1.0
1.979542072172384,-2.3436874904964866,1.0
-1.3694308629871623,0.09754123071066134,1.0
-0.03303751130215546,-0.4783051409195668,1.0
1.9601733694938552,1.7993345067436906,1.0
-0.15396101373672183,1.3924331528816498,1.0
-3.5669094075770706,0.3113984596039605,1.0
-0.2840259790914709,-0.5851238329804627,1.0
-1.3153249298236387,-0.02083334427726241,1.0
2.436845608840131,-3.0656934289643925,1.0
-1.382983685265809,0.3653978223275257,1.0
-0.3236226251932718,-0.8127308473615671,1.0
-2.5353877684930577,-3.6005766887800212,1.0
1.8843184627541574,-2.7633175867780073,1.0
-1.406266050632628,0.2091432901969892,1.0
0.026269877971107743,-0.7242136278162705,1.0
0.011939995578077636,0.09235068312516659,1.0
-1.4685519101551723,-2.877824049268213,1.0
-0.662563038236746,1.961491195705691,1.0
0.01561535003150949,2.1619984690436738,1.0
-0.6110472050755913,1.6909394120969814,1.0
0.18582249024769598,-0.5850808169835213,1.0
-2.936241212582585,-3.3361076094084265,1.0
2.0812448041149643,1.208363742543812,1.0
-0.6473983375810206,-0.8249304672404715,1.0
-3.0687509879792363,-3.7121877471484725,1.0
2.8387594867742956,0.963428787006052,1.0
-3.9255592870451483,2.426452343576669,1.0
-0.663336045837875,-0.4052216050792494,1.0
-4.18884646641424,1.774841929631209,1.0
-0.1605837311128654,1.7391286566316702,1.0
-3.7787627631247247,1.73491106085454,1.0
2.381590772450032,1.1485259985358305,1.0
-1.5977566863259136,4.585497456368672,1.0
-1.2479758879791043,-0.2927300349786507,1.0
-1.0776428574255255,0.16542627929165235,1.0
0.19125776530639726,-0.7237801782641649,1.0
-0.23581065045149507,-0.3764299508350375,1.0
-0.5979437266280014,-4.2490197838666095,1.0
-1.0642958342157853,-0.6403281849301001,1.0
2.632548671108277,0.4461379818734284,1.0
-0.401832265352551,-0.31352785340964756,1.0
-0.2587461439972197,-0.23190522862579566,1.0
-0.2265062755643079,-0.2615182172828434,1.0
3.5020678382321213,0.5938343109094886,1.0
-0.18948474149382166,2.092553783423927,1.0
3.2020560842988575,-0.5806055741530929,1.0
0.35891428836497863,-0.27214861405903323,1.0
1.8705532921652819,1.7019037267565025,1.0
-3.453698912513417,-1.8109467067975848,1.0
-2.113138308202815,-3.3457395387018134,1.0
0.7892448785428887,-3.802428937167959,1.0
-1.505730062070064,0.01680952268335964,1.0
-1.8746065729927095,-3.5133482929542867,1.0
-3.07044435493821,-2.7322318498026665,1.0
-0.20845710790840402,-0.4360821560651469,1.0
2.5982680025055283,-0.9196636066137747,1.0
-1.4628081634524501,4.443722577604445,1.0
-0.49150777585363387,-0.7956059060885525,1.0
-1.4481349932934442,-0.8438797517720151,1.0
-0.2123377767914703,-0.21246403163495692,1.0
0.11968761152326615,-0.5521498802799212,1.0
0.06690641677478044,0.0231071427087865,1.0
1.4687869794149895,-3.000735924945706,1.0
0.6454323036068017,2.2251386951777024,1.0
2.2491464999693997,-2.2297502098333775,1.0
-1.3051535011397173,4.799787963239597,1.0
-1.266784451395486,-0.1272480222137509,1.0
-3.1965578968454,-2.839676645915828,1.0
3.553079145760758,-0.03909435751728771,1.0
-0.5121568215015619,4.743516952298572,1.0
2.7483112365394438,-3.1558003938635397,1.0
-2.351568089921641,-3.3354974051944306,1.0
0.4248452864980735,-0.16619885370621468,1.0
-0.26830795247273875,2.041014659736672,1.0
-1.1441383810187666,1.3346930007206397,1.0
-3.3858646154131007,3.211273218839198,1.0
0.13889109088757318,-3.732246849156608,1.0
2.8349453680535297,-0.525371065069827,1.0
-2.458909730810144,-3.326449195561751,1.0
-4.3097875802732295,-1.2385402755254633,1.0
-1.3629432813462625,0.38649460442461187,1.0
-2.9400983532443523,-2.677181374249042,1.0
0.03962295403777236,0.05112227571623196,1.0
-0.08369301031870967,-0.7698798585344414,1.0
-0.7234145179073916,-0.7899934870027465,1.0
0.23560898059648272,2.4580477232027094,1.0
0.5483469878521626,2.024684399310084,1.0
-2.4503389738877592,-3.678901246890055,1.0
0.10188029417311709,-0.1142754442996684,1.0
0.5779861606906007,1.7123074740177557,1.0
0.3740208850984404,1.9307882853289458,1.0
-1.1168447135304331,-1.1003675831862023,1.0
-1.1930986848357896,-3.9749769270296915,1.0
1.0537902310419747,1.8733940495517447,1.0
-0.7241939805518273,-0.898333946053836,1.0
-1.1279928416553497,-0.7587335103032746,1.0
-1.5429278719770363,-4.164430540403319,1.0
-1.2090764980615143,-0.695713672346123,1.0
0.027936414439628236,-0.1880454823980968,1.0
-1.1235914309946131,0.4902194474661591,1.0
-1.6230677539256497,-0.4776312733608712,1.0
0.05599475439841712,-0.9357586963801648,1.0
1.1090515650633561,-3.152647924714321,1.0
2.396604247554587,-1.5892605512387283,1.0
1.504390800533357,1.4524472836338966,1.0
2.7781739878630702,-1.2380017700342205,1.0
-1.5800997391979232,1.0511343049940813,1.0
3.0204556769173934,-1.467465384608778,1.0
-0.015496965046232034,-0.36199201242544954,1.0
3.0111133875197207,1.7811886579526068,1.0
-1.3191669553002572,0.3028041861078212,1.0
-3.699102232757879,0.9789571601245041,1.0
-0.08544103917444987,-0.23231980587377282,1.0
-1.9397994215081764,-3.9851296763868995,1.0
3.059335912802636,-0.9183653831847193,1.0
0.3428185866602422,-0.5727880014444099,1.0
-0.7275737540140608,-0.1620350203980715,1.0
-0.7409106404160625,-0.9404693004954215,1.0
0.027876675108515048,2.3711197912065556,1.0
1.3060760149225445,1.9643552946602385,1.0
-0.07833018152851304,-0.9438205839400313,1.0
-0.5405624920711951,-1.501845812698314,1.0
-0.13086279927104688,-0.41048170141861867,1.0
-4.365775136968777,1.1626947376712562,1.0
0.20881098744663965,-3.1789541122782485,1.0
0.9748883884335812,2.185680858439891,1.0
-0.6859368731865857,1.1685665922284232,1.0
-0.991075678065725,-0.8131365979444302,1.0
-2.0686163664707236,-2.6946035911624038,1.0
-3.6219714464260457,2.8297617534500357,1.0
-0.9715307221020181,-3.6880610907110416,1.0
2.237755443495539,0.7456109664058612,1.0
2.686927163135969,-0.18249303750852702,1.0
0.34289763356170333,-0.3651197641528471,1.0
-4.032520488179071,-1.8034508297849592,1.0
-1.4614629172682907,0.046814304576315635,1.0
-3.3711287845074622,-1.9701920996270594,1.0
-4.2179844584709905,-1.5793232961200343,1.0
-1.0320747073724448,-0.5459177834651681,1.0
2.3992313044409666,1.3944494879785285,1.0
1.9758636183263634,-3.028007237327819,1.0
2.540782561280558,-1.1781518171161156,1.0
-0.7445408634899947,1.5353992257258466,1.0
0.8588109872467575,1.7077608635219201,1.0
3.112837854553537,-1.330446748163443,1.0
0.2112633194442502,-0.4058259653628822,1.0
1.1608668275594098,-3.7052966614959537,1.0
2.7823165742602414,1.387146536868823,1.0
-1.0842898730376698,-0.38756132934590254,1.0
2.474473493160957,-2.508029290131841,1.0
2.8889398076789607,0.5740595260502541,1.0
3.008510076403742,-1.761295553826045,1.0
0.14626153175355483,0.13750486629530867,1.0
-0.2978780003364503,-0.39317085689870496,1.0
1.5813148208604284,-2.694035414149708,1.0
-2.6708091141459476,-3.2409592200401827,1.0
-2.1540586481606407,-3.4732156558146077,1.0
-0.3545909901310316,-3.7487598964005926,1.0
0.6782722623271612,1.5038111791925792,1.0
-1.1549947666573404,1.486164328482739,1.0
-0.016794494679359777,-0.61240697734112,1.0
-0.07048500271179814,-0.39769763663060154,1.0
0.6823431359331853,2.3106078238288053,1.0
2.1445198877752336,2.1629010013791485,1.0
-1.6672039055983512,0.06276931539935215,1.0
1.468889833486113,2.319751251142172,1.0
0.9800475564743074,1.9756831008723004,1.0
-1.1114362744242337,-0.7159016198728868,1.0
-0.6135924726529168,-0.5296884195111796,1.0
-0.2146457669160526,-0.7582466093431887,1.0
3.255166137158709,-0.7824199822624026,1.0
0.05931681234747772,-0.18682568913149122,1.0
0.4645112406905436,1.4963730428810884,1.0
3.278673182805854,0.2972077034784902,1.0
1.8538537870142904,-2.6132681767751222,1.0
-0.08361421087982587,-0.6358785985221119,1.0
2.2409084326197846,-1.040534679792025,1.0
1.397655893366524,-3.000965391062709,1.0
1.8496217796009746,2.1060598659266585,1.0
0.15203370492749507,1.9924037536262296,1.0
-0.5337356717689034,1.8921735681070646,1.0
1.9453875605975277,0.5687259113898269,1.0
-1.6626226334880114,0.37298113227262053,1.0
-2.902337925638297,4.232455755850254,1.0
0.569992643268994,-0.19959867205466614,1.0
3.030734304524505,-1.056533148286675,1.0
-1.2495190448735984,1.1274037885788533,1.0
-0.2514927477320183,-0.43701857742027117,1.0
2.0958940903107353,-3.1124896149580077,1.0
-1.4052103345551672,-0.1565132185772863,1.0
-1.033878052506889,-0.45133389261099977,1.0
-3.2645298661880484,-1.5507027316787423,1.0
-1.651455472872623,0.24416530115770757,1.0
-0.010084898383560803,2.8475738340495607,1.0
0.0758327529703943,2.1664375322678304,1.0
0.5687504255476374,2.417807926267423,1.0
-1.4131374810514128,0.016655089880006774,1.0
-0.1855851528422048,-0.4276943894289583,1.0
-1.4340903406320835,1.6346013608751657,1.0
-0.2468689002457597,-0.11435552856962794,1.0
-2.8575766177679403,-3.377608081697039,1.0
0.7668244273359677,-0.3410325374970392,1.0
-0.9740391875334871,1.5605535812978475,1.0
-1.4746507004862153,1.7786876976350674,1.0
0.08119949409163518,-0.7050177696962137,1.0
-0.3358138231036944,-0.7206030970675552,1.0
0.9314608145338568,-3.7578186436576133,1.0
-0.8990742790130559,-0.5457612046716276,1.0
2.2789959060554104,-1.604258555323499,1.0
1.0161436890098297,2.793107915705256,1.0
2.9504617112391736,-0.8659591107190079,1.0
1.221143105693451,1.8381203963106796,1.0
1.0912332896826493,-3.6301719841011706,1.0
2.6118144984905203,0.06287086530164505,1.0
-4.643391800715316,-0.6362264136865339,1.0
-4.2991850765722,-0.8086728806953105,1.0
-1.2046148617294106,0.3836236361653237,1.0
-1.8456901887972685,-2.9371061446494235,1.0
-0.6946233168686448,-0.4020214591214013,1.0
-0.4084341464768678,-0.45906028659829873,1.0
-3.2479618438332496,3.562439009176277,1.0
2.4649314667806106,1.5614618548352543,1.0
2.26077741338716,0.9451779434871879,1.0
-2.5160878986601753,3.4310215652965743,1.0
-1.397267691485088,-3.3949622076835078,1.0
0.20663995890271894,-0.41708052865507395,1.0
-0.9253108818390163,-0.6586120546512207,1.0
-1.6410963314600011,0.030730829092994072,1.0
1.950782897798703,1.361488125079793,1.0
-4.487028354448745,-0.3926458397635367,1.0
2.400282284454949,-0.1555977973750099,1.0
0.20911100005674407,-0.35724823242390213,1.0
0.700434814148346,-3.682154523627326,1.0
2.1912810088466403,-3.263972314150197,1.0
-1.4703687750597694,0.9900830476270311,1.0
-0.7317102447559801,4.416957621204878,1.0
-0.2691225141841405,-0.770601339301464,1.0
-1.352434296534356,-0.41114382549801054,1.0
0.23339651702665756,-0.5543682088767998,1.0
-1.6653830868507624,0.2601893367174958,1.0
-1.38385763144032,0.9189756277669522,1.0
2.290804774544095,1.129393227514547,1.0
0.30169986568873086,-0.7340663322255949,1.0
3.110240857155361,0.36788561042336804,1.0
-2.882755898923231,3.0502483640908946,1.0
-0.2582091184182964,-4.0700445869773345,1.0
2.2631007018684484,-2.9929594230798755,1.0
0.6082113551116802,-0.12054093290940628,1.0
2.738534923501497,-1.7219814806895206,1.0
2.9044155371823983,-0.6746381468929951,1.0
-1.271915713213141,-3.432464314687005,1.0
1.3363207185912123,1.790936978426347,1.0
2.0514977065306734,-2.909592702870404,1.0
0.1495711899345516,-0.18712259651631846,1.0
-0.13312174592690335,-0.2726603216132849,1.0
-0.098537474868827,-0.6681307094349181,1.0
2.588580272066378,-1.4687126688485794,1.0
-0.04873284945454348,2.304629420357485,1.0
-0.05807724716256224,0.6661953684582761,2.0
2.3144014005988325,-0.3907750937046657,2.0
2.069164345918403,-0.7206758823800159,2.0
-3.070028053316362,1.7496766395663843,2.0
0.9471515450788833,-1.9130080049230038,2.0
-0.09375244988470607,-0.14573815338744883,2.0
0.01847847720070983,0.5756641752309424,2.0
0.6945475385556308,1.5863393468191278,2.0
1.779319601364645,-0.1624579926384209,2.0
-1.8358796305862672,-2.893040188673685,2.0
-3.530399952437873,-0.4856126955987679,2.0
0.2521332135276213,1.0855711705986144,2.0
-0.08717894536460336,0.9299984866318969,2.0
-1.0234115119069505,3.4373688969697986,2.0
1.1907971273040987,0.3676541019104521,2.0
1.6858427801804652,-1.441873660816956,2.0
-0.18351710364826096,-0.08629970312030343,2.0
-2.1540159133212824,-2.439319221180815,2.0
-0.17348276523718204,0.12229703859807592,2.0
0.1880305445686647,0.05751321612486166,2.0
1.6569921352050663,-0.587796501274174,2.0
2.0203731052085425,0.504032444482985,2.0
-0.3334279971530997,0.1588525260457742,2.0
-3.150636063311942,-0.6394925996174824,2.0
-0.11160025987196928,-0.12418726269317075,2.0
-2.694306637125353,1.4575666637229099,2.0
-0.9789702068107571,-0.09688827473157706,2.0
0.799282212379085,0.7324688866456793,2.0
2.75122444373504,3.4302285623057855,2.0
1.3206440949822222,3.4176398346787984,2.0
-0.0511527124288946,0.0453537479013455,2.0
1.7898256460876087,0.7287027109154465,2.0
-0.2742933843255527,3.972006958419555,2.0
0.8866565486065774,-2.1868671129484403,2.0
0.10084185194339351,1.2187854278404924,2.0
-3.1374078842163766,0.9498528547042362,2.0
2.1619530731036956,0.07590157862564911,2.0
1.774217573080562,0.2566009032433345,2.0
-0.14589041637644182,0.6739492321689977,2.0
0.06516063074934139,1.0134054222722428,2.0
-0.5941894073787042,0.3844091544668279,2.0
-0.2724905085204832,0.036816263341210825,2.0
1.855029870702606,3.566037918096635,2.0
1.9071665974672964,0.1361339949511851,2.0
0.21901280565917966,0.9689006441682411,2.0
-0.26509578599354655,-0.05446788429777008,2.0
3.8133230275969203,2.853887073671799,2.0
0.17260623461019464,0.956232780607002,2.0
-0.2879895310533825,0.4541212346584937,2.0
-0.15052258405360006,0.17954555308653858,2.0
-3.0068795835478124,-0.40275834082240897,2.0
0.024960070050698835,0.683757995617603,2.0
0.0554382986115106,1.6224652343193882,2.0
-0.7814226775473938,0.4289498110808904,2.0
-2.6410638974564575,1.418791946076695,2.0
1.1079267512122584,0.8009982607423747,2.0
-0.3078000566335249,0.5915518527683227,2.0
1.267942693992156,0.8654484439843281,2.0
-0.4644684336818583,3.6240039623530405,2.0
1.8850983665667576,0.994234769968091,2.0
0.0457634604106624,1.5377082715389538,2.0
-2.4498096040528345,3.0602890995345278,2.0
1.0616476545898437,1.0469188569605956,2.0
-2.907596169987878,2.381942077677319,2.0
-1.9933173221561398,-1.3135051347105065,2.0
-0.3444491573356317,0.9535766545884974,2.0
0.8566514401464836,-2.2996412607926815,2.0
-0.4699391163193927,4.166134295699209,2.0
-0.6948516131440265,-1.8181639183616807,2.0
-0.8247511389822315,2.8276508349701244,2.0
0.5847436154336323,1.1648679017743226,2.0
1.407279112254892,0.8131471742537646,2.0
-2.147281526961687,-1.8073954066256293,2.0
-3.205717546617278,2.5029346908069496,2.0
-3.9499469974962884,1.0100674022675467,2.0
1.73079157673497,1.1281534082546012,2.0
-2.8898288101213674,-0.9113532720475638,2.0
-2.3268175083710503,3.240489338687016,2.0
4.179044736809909,0.4174400599102654,2.0
-0.36160215759971004,0.7770370762575366,2.0
0.04575534168274535,0.0575083692374249,2.0
-0.34116363790895615,0.19625275550966761,2.0
-0.5570212634786493,1.1212545314346847,2.0
-2.6769363948976657,-1.716718076456612,2.0
1.2516009853789434,0.5421344794093389,2.0
-0.6892319097409326,-2.9560155203599363,2.0
1.8114312564275374,-0.728489445298563,2.0
-2.8291101803730467,-1.3641251841025952,2.0
1.139777343559437,1.2708424065187518,2.0
0.656946292619553,-2.837606025559888,2.0
-0.1367441283043398,-0.03043838264860746,2.0
-0.2863914921547147,0.7081427904431199,2.0
0.709228988631288,-2.147519158034303,2.0
-0.6342956609158752,0.34277929596565854,2.0
2.0874265009679718,3.427511575477166,2.0
-0.5375180833269836,4.144597119239027,2.0
1.5722594431008026,-1.4099053234378556,2.0
0.41860534313975756,-2.4813657441433943,2.0
-0.9738364471148075,-2.833959421734643,2.0
3.7355138018299616,1.7561459991597597,2.0
-0.4620054765182219,0.004163614032270842,2.0
-0.3174805428384341,-0.01795362359870009,2.0
-0.2856215098754192,0.9762760817344938,2.0
-0.709970573899767,0.19187753240831787,2.0
-0.3981941548789275,1.185999644545503,2.0
-4.024208302083968,0.31706182934562493,2.0
0.648890338161294,0.674542603024133,2.0
2.7799586693637526,3.143029545753775,2.0
-0.25058161021207115,1.4105032142433533,2.0
-0.32875584674187563,0.4283887590130807,2.0
1.107702554425361,1.3180392415987323,2.0
4.06980304073551,-0.14230070869969194,2.0
0.9328537603490921,-2.470605651103145,2.0
0.2209355486905124,1.120139917780261,2.0
-0.2131315959856311,-0.20609725792754022,2.0
2.3597783664733334,-1.3977115665068165,2.0
-2.020061743645538,3.7126447272996894,2.0
0.6977536867515377,-1.7531100058273725,2.0
-3.8334477695499034,-0.8683282943567081,2.0
0.8879067392442326,-2.8851748299963087,2.0
2.171229968437131,-0.6272387582596368,2.0
-3.190004147013329,-0.5224889039163916,2.0
2.1537926900096553,0.6330652222779923,2.0
-3.9766195370748845,-0.2365940313226578,2.0
-0.7330506593463286,0.19215729720320507,2.0
1.011136369260192,-2.433481182161512,2.0
1.3826290249805866,0.8377854747332085,2.0
-0.16561122565194253,1.270623769534619,2.0
-0.5905965862292627,0.012314169905532255,2.0
0.02429372678410686,0.8973990377394137,2.0
-1.3856098537979118,-1.7588664811476293,2.0
-0.7199813019047397,-0.2514928496439328,2.0
-0.21836530164502183,0.8164082885730943,2.0
0.29503389173558336,-3.0695680949993602,2.0
-0.62641703521724,0.014960924376282311,2.0
2.73662146443629,3.3545633141107634,2.0
2.1998849815774344,-0.8298621871210096,2.0
0.01669357624990997,0.01373026647047322,2.0
2.1933286211461445,0.2953708015454189,2.0
0.9230209933016215,-2.534893287971398,2.0
-0.38942102216959495,0.472051418291672,2.0
1.8069807902300388,-0.3372069026979103,2.0
-3.7858775789863945,0.12310604128203745,2.0
-1.976532639997081,-2.2899562567934826,2.0
1.465097579906332,4.339615099981296,2.0
-0.6404040453600975,0.28428729378909134,2.0
2.002280729564089,4.565144670476509,2.0
-0.3690648207194387,0.4190995160304579,2.0
0.1450700111614271,0.14599713258569347,2.0
0.1974751570778466,1.2034130873020703,2.0
-0.14883191407015506,0.7729727937876547,2.0
0.1795852117442393,1.2710024131631634,2.0
-0.6734086349553022,0.6263058182158626,2.0
-0.21087855299616337,0.315656499417453,2.0
-3.953674269321112,-0.17833697918620406,2.0
0.8217071819751438,-2.3547630524518883,2.0
3.954926106326642,-0.3949598538317485,2.0
0.05958634443982785,0.943238240626989,2.0
-3.3293952231117974,1.3863018017077524,2.0
0.2848234421313124,1.2449576228371542,2.0
-3.030800288860344,-0.7158310905411308,2.0
-1.853207595156401,-1.4727560545815992,2.0
0.06863589493772593,-0.292467740292014,2.0
-3.2558068318000593,0.48764622678590863,2.0
-2.6930167328921493,-2.425636989824972,2.0
-0.37105216289022236,0.38006822566653187,2.0
1.5248371671573624,0.8299245645074969,2.0
0.48939757463713307,0.9250552503267482,2.0
-0.7069140080278561,0.49246475095597236,2.0
-0.039609160383196715,1.0687326363513037,2.0
2.2024062852032427,-0.43675942682394797,2.0
0.6097091953440654,-2.2098881020687537,2.0
3.276333621795336,3.3718375880613114,2.0
-0.5137901893848031,0.6576086590366337,2.0
-0.28849022877511765,-0.06643712781973711,2.0
1.4807994457787235,-0.015827292462973985,2.0
2.2686873527203844,3.7479333554217704,2.0
-0.8597214768615387,0.6445782561789967,2.0
1.6475060857308677,-1.8367822354687786,2.0
3.900095167979596,1.6707525565192476,2.0
2.28495966932113,-1.1834610170824018,2.0
1.5942169688689853,0.7340315560483739,2.0
2.88550449699656,3.479335365636657,2.0
1.578633006189486,-0.8007000118023826,2.0
-1.6076369540774273,3.496535258320119,2.0
-3.7339327012409838,2.5718891217728603,2.0
-0.8013408198528599,0.0812868816557536,2.0
0.6469486837286528,-2.674247717762101,2.0
2.4982414785714004,-0.8961403700973409,2.0
-2.879306704807029,3.1741384846091,2.0
1.5868902726391856,-1.8722362245653004,2.0
1.0198000620753773,-2.33817385537584,2.0
-0.0221058763559058,0.032514825587697055,2.0
-1.0734498148530165,4.017879969704361,2.0
-0.2936368351868964,-2.738040129033357,2.0
-1.0041241302728285,0.40781093460110895,2.0
0.49169127027161225,3.7633460374233425,2.0
-0.08360750564699347,1.219978122050007,2.0
1.0848203367657938,3.76031774832032,2.0
1.796683576775667,0.20345285456341755,2.0
2.062054052691478,-0.8694285323616086,2.0
0.01791033446487056,0.45466712950120974,2.0
1.1236363952254904,0.426225771796921,2.0
-2.5313849943221904,2.990499814491109,2.0
0.8647717860546607,-2.4589971179540444,2.0
1.5299308234869897,-1.334208592273508,2.0
0.7972881509987673,1.2513983740800592,2.0
0.46038329996712,0.8895916059875651,2.0
-3.5482181833254716,0.6716197834411234,2.0
-0.47275491877160164,0.5613169564129382,2.0
0.858507622441258,0.9646008851814889,2.0
2.3810299997812905,-0.786141804364116,2.0
0.1803904855641157,0.8877377945714305,2.0
3.171726410188934,2.703855876707071,2.0
1.663041554114777,0.5153802017273036,2.0
-0.07366859328095893,3.9016665680282596,2.0
-2.6066249247983424,2.522232652069786,2.0
-1.00863457191839,3.4576146771199183,2.0
-0.6128988415014829,-0.5760309405076749,2.0
-0.07932502994943888,0.10308492628322322,2.0
1.2572414799291631,0.3679737809681594,2.0
-3.325453309421692,-0.9428273694660133,2.0
-1.8193350859254702,-2.8470395085871987,2.0
3.644652091866405,1.2940445865153218,2.0
-2.967501206676992,-0.11426614672311114,2.0
-3.694554605369225,1.6540751989602411,2.0
-2.0696321005196885,-1.6306805755258114,2.0
0.8957541603010075,0.8290074319488647,2.0
-2.8408561868336495,-1.0147292586609604,2.0
-2.302553314754249,-2.5143756929343875,2.0
-1.0415876000139888,-2.4363206428010735,2.0
-0.9298948557962736,0.42166829850595794,2.0
0.07172118113686121,-0.05311387119371302,2.0
1.6404144526588396,-0.5118641563796618,2.0
-3.2178237907061478,1.840883685240441,2.0
-3.353117365489453,-0.047853990171564414,2.0
-3.721488746167469,-0.30563736828926336,2.0
-1.107998841433553,-2.5022241316781346,2.0
4.71757124858282,0.5190386882805148,2.0
0.1984454542485538,-2.7875041428659513,2.0
-0.25061031797876604,1.1900775853293473,2.0
0.6163329923652968,0.646545638796799,2.0
-2.1744261687269963,-2.4815404568818082,2.0
-3.3618214897478307,-0.3603658071279428,2.0
-3.407938613402243,0.6362255573823571,2.0
-0.7038214661128609,-0.2937132188464614,2.0
-2.744881426239708,-2.630716087406397,2.0
2.983231878938021,2.987701993671003,2.0
1.6209632940885084,-0.5188009832396168,2.0
-0.4333853030569764,0.8990594046015883,2.0
-0.057490763488870056,0.6268893100585076,2.0
-1.8151931895372306,-2.547193119539559,2.0
-0.10826146271976955,-0.06142063161931349,2.0
0.8379020679633914,1.2525985344448434,2.0
-0.09411389134766551,-2.3451114753076965,2.0
-0.5164424509763444,0.1780413121103728,2.0
-0.2715018423701677,1.2214376553513036,2.0
1.8197182054562937,-0.0912788181665292,2.0
3.6794338717210935,2.708867504226974,2.0
-0.22515934085200534,0.2699621537205349,2.0
-0.3316968955106946,0.4143621280786727,2.0
4.1659907735382085,1.8183556220862567,2.0
-3.4416257676915896,0.31065411030660306,2.0
0.13920360412899282,1.0923149742862353,2.0
-3.1091358814803844,-1.0959171731048296,2.0
-0.5617117150357167,0.882172856655651,2.0
2.0149243752101467,-0.2909691058548004,2.0
-0.11594748281133865,-2.696300521058183,2.0
4.051616427925367,2.371287884769394,2.0
-0.1246347885855637,-2.244185700505344,2.0
-3.1408200246864526,-0.1251724177261237,2.0
1.9214032311745104,-0.7942811371315283,2.0
2.9079281683842835,4.1688531376451,2.0
1.7988124292983627,2.847427635665538,2.0
1.6550138814682087,0.23663495998072012,2.0
-0.4126292034323773,0.5260195225454505,2.0
0.22551969969379992,3.8092559011793794,2.0
0.7213265891043936,-2.565731828840007,2.0
1.9593756509456206,-1.9871077186258859,2.0
-0.9369324687787683,0.15362918067245285,2.0
0.9989428577994393,-2.761148089174428,2.0
-0.46833721480543394,-2.575738015623622,2.0
-1.6095912510752932,-2.2902212366398804,2.0
0.5068611208524914,1.2487703853395222,2.0
0.834335602513826,-2.285769807045887,2.0
0.2958667031377899,-2.1819606092727346,2.0
-0.06725517701595035,0.2999766665620036,2.0
-2.586571542711482,3.1925455962583555,2.0
-1.033184990259037,-2.6577159699443405,2.0
0.9045606084037014,1.34379996290414,2.0
-4.018041555404321,0.8555225617973576,2.0
0.5709392233125428,1.4328278272828585,2.0
-0.10538612614581852,0.7937101201070492,2.0
-2.9512929286603335,-1.2438061149586879,2.0
-2.186225416215201,3.194307030363113,2.0
-0.19458950940071568,1.3478667266357265,2.0
-3.3054261370276325,1.101918132656282,2.0
0.25669727594572755,0.655567163783357,2.0
-0.6664258114420369,-0.1612984012117134,2.0
-2.042472949499703,4.330865193036171,2.0
-0.30006563080150095,0.6580784469970045,2.0
1.596018643772481,-1.3117605318552719,2.0
0.002086540621961213,1.3657913945866207,2.0
1.6379397473506476,3.9795338635308672,2.0
1.4257036605155833,-1.7972986386190504,2.0
-1.4261787664026564,-2.700853295563948,2.0
3.2275176243480037,3.2596673878662767,2.0
-0.3789914301792097,0.8350639990105464,2.0
-1.9197572820681554,-2.1169973964619206,2.0
1.5841097087407356,0.6729787358723522,2.0
0.1666103335463932,-0.26560895137535195,2.0
-0.5678788892936518,4.404127393166148,2.0
-0.5054019926967346,1.204338498866033,2.0
-0.40405133025480583,0.24033011570639773,2.0
-0.1910816842448353,-2.2173678663880803,2.0
0.6620681213703761,-2.2280735186437557,2.0
4.448851661860538,-0.4254915767065125,2.0
0.43770453916046764,4.70002712216876,2.0
-3.1514397118078925,2.1806229343260632,2.0
-1.3957217760874343,-2.0041803208235622,2.0
0.7261287166492547,3.9142251978579026,2.0
1.322385818990561,3.8446758889870787,2.0
-0.7272987670425474,0.24055162722205659,2.0
1.3951253131479076,0.7530622183710765,2.0
-0.8434113877476938,0.19776218927186023,2.0
2.036650267091538,4.290434414815512,2.0
1.3966961416118129,0.3136991689350628,2.0
-0.22217120792938513,-0.10922959141642892,2.0
-0.8452956189667649,0.5454548501503194,2.0
-0.5919255710397056,-3.522591714950988,2.0
-0.4919220231312227,0.7386004217246035,2.0
-0.3351252768283619,-2.4492502157990392,2.0
0.22489113847282213,0.8740852629204983,2.0
-0.4198340907601351,0.03320356523065787,2.0
-0.7142176756673646,0.38735695409541504,2.0
2.0659835280096908,-1.5859152633506277,2.0
-0.3393512822336559,0.17275466966262804,2.0
-2.566725658372752,-1.1966325294067006,2.0
0.986213675701785,0.7037731109766766,2.0
0.876338399185015,1.3954324477893287,2.0
-0.875543580987834,0.6736732375701174,2.0
1.8500826697158521,0.04699628453657975,2.0
0.7553534235173343,1.179987609804856,2.0
1.8831036223599429,-0.9596582748742843,2.0
1.832460793631563,-1.9572939053762661,2.0
-0.48778091706539245,0.1375882309888221,2.0
-0.5819369703106653,0.19298011034764934,2.0
1.5413984745990836,0.8974801427057554,2.0
0.2910602601866313,-2.4463532075208216,2.0
-2.3863319984091627,1.4551273937453106,2.0
-1.9381940665806674,3.19737593478412,2.0
-3.165118836606972,-1.4735898624034962,2.0
-2.940491543518483,-2.743942418808076,2.0
0.3457459555961948,-2.4727427474616825,2.0
0.8270414622886009,-2.0361689644865515,2.0
-2.2682208351792332,-2.344256188054525,2.0
4.2227345456932825,-1.238197195390851,2.0
2.3528264132845034,-0.09515483766171773,2.0
0.6080176413668978,-2.5438106279277894,2.0
1.9847294944251386,0.35278771085852245,2.0
0.5047042042469705,1.2266213553025225,2.0
-3.1105909026845135,1.2093301503434573,2.0
-0.3295649795242422,-0.05410679453903747,2.0
2.0165728206475833,0.4885600715698174,2.0
-3.3306271265498024,0.5638750252777429,2.0
-0.4961411183510328,0.6446234167915449,2.0
-3.1569476074886955,1.2879792196448439,2.0
-0.4912859106593147,-0.14953012596324483,2.0
-0.573732141646591,0.6291287753850413,2.0
-2.609924273086575,3.4293143633668888,2.0
-3.258425519006786,1.6577793816034538,2.0
1.0066220988389223,0.6269244550316158,2.0
0.49456391236466846,0.9690325898386605,2.0
-0.21884114041949398,-2.714364772908847,2.0
-0.36279430957372505,-0.48105304226346546,2.0
-0.6611433419547406,0.21325360269571456,2.0
0.9778791579408272,0.9850333255536748,2.0
1.2999145711371354,0.640973609693696,2.0
-0.30120851996099635,-2.4815628164274557,2.0
0.08100943548696038,0.8736560085020693,2.0
-3.546951043923382,-0.9497293366721714,2.0
1.8943677015382592,-1.9295177326355346,2.0
-0.43638209201116285,0.6958355371233469,2.0
-0.17067047896799947,-0.45159855833128115,2.0
1.0209291019571864,-2.0226836524334115,2.0
-1.8860709960538107,2.8613140813804105,2.0
0.6748118864887461,-1.840909701801643,2.0
4.781564876127562,1.1562014361126414,2.0
-0.22669721346749983,0.6071555653302259,2.0
0.00969629761941887,-2.1229959968706913,2.0
4.283557629817576,2.5749129899017733,2.0
1.785962028683383,-1.935883547046602,2.0
1.3967595858950992,-1.6394779078958983,2.0
-0.4190599122979836,0.09144523442868176,2.0
0.12707721543108896,0.4508662367915336,2.0
-0.8368317099949796,-2.98907464256993,2.0
0.8666723902463925,0.8243199850250688,2.0
1.8705700304289827,-0.023742007289370815,2.0
-2.2447874765895315,1.2236252742991536,2.0
-2.5283130525900184,-0.3139921395126934,2.0
-2.489735777920136,-1.1675121290068105,2.0
2.5903343178026916,2.90385100547321,2.0
-0.19697690731014234,-0.09356542348000965,2.0
0.4535210433612224,0.6155401227559899,2.0
-3.663181139364776,2.875648951982284,2.0
-0.1540117958607917,-0.06691108525892064,2.0
1.7651970067535507,0.03833617781885584,2.0
0.45584793418945135,1.4587549169379843,2.0
-3.51889017577119,2.3878380633084295,2.0
4.6501943923623905,0.05856263444463823,2.0
1.2575290892426552,-1.1090432850968615,2.0
-0.481500530749358,0.006803938980699198,2.0
1.2243630811234978,0.8629842547924043,2.0
0.6377465744851939,1.2369460315507865,2.0
-2.822991469481275,0.10733203740235128,2.0
-0.5244663362129719,0.9589978806800432,2.0
-2.435011532095148,2.9820029720948678,2.0
1.0990588315240302,4.147511007950428,2.0
-2.5921036606454804,3.352710472892674,2.0
-0.20546355453659354,0.785313107536317,2.0
1.7787705251294308,0.27789594467960954,2.0
0.6947674866613824,1.1445233457923587,2.0
-0.20331940306684732,0.029078337339933306,2.0
0.060189468701900055,0.9604620582018579,2.0
-3.3234670003075006,0.47645323004027296,2.0
-0.841078431772352,-2.5312288468717092,2.0
2.9287119158485972,3.077372859330134,2.0
2.798946495060018,3.2000088913154836,2.0
0.7901887853591344,0.7511446594370829,2.0
-0.168744204522147,-3.151532582682126,2.0
-0.09624583099044275,0.28952726910502163,2.0
-2.6100103509769412,-1.7931039311706116,2.0
-0.21265412928581412,0.6656301454151075,2.0
4.144688526887673,-2.022989901114369,2.0
0.266111369335483,-0.7008491640105621,2.0
-0.7919338923378401,-2.628372435370029,2.0
1.4597464539787113,0.24210037523933517,2.0
-3.035249011232461,2.5269707437057836,2.0
-0.7443000765266506,3.9735348792556167,2.0
-1.3721330632589968,-3.111841176864292,2.0
3.0709449125948,2.6132638842228726,2.0
0.40511988907036633,4.2599364084785725,2.0
0.611263543705792,1.684646106281101,2.0
1.6202113416310704,-1.7362303068326108,2.0
0.3719742254100202,-2.9079415883732835,2.0
-3.660539403221585,0.1825854363125602,2.0
-0.49870470838088454,0.7446387612765324,2.0
0.0609679987425904,1.001522394892571,2.0
-2.0674429884879535,2.8537132831114325,2.0
1.3080698185304676,-1.0725791327936296,2.0
-3.627055217708567,0.7056739332097939,2.0
1.4059928194596998,-1.6786188664460502,2.0
-0.47264593119230514,0.26674190468977405,2.0
0.000532314555148794,0.6464215843060854,2.0
-0.9251233810253845,-2.3837294263908237,2.0
0.4310923562435329,1.5812772702066886,2.0
0.9330077638083469,0.8155609415161504,2.0
1.78164104364845,0.9112011402946462,2.0
1.3495655499319257,0.9271432094871814,2.0
0.7106792378861319,1.3517513172968603,2.0
0.07964015074415165,0.7738850629675548,2.0
-3.9324618509590734,1.723576970056297,2.0
0.07662694476469051,0.3469605236109351,2.0
0.607884358839684,1.9093225171440733,2.0
-0.5440096661335899,0.20881079494645532,2.0
1.3724790006171959,0.473179001072213,2.0
1.8516844321395303,0.2566176920013798,2.0
1.0784455149380565,1.1259111412714498,2.0
1.5015729599725876,-2.0798054674660578,2.0
-0.8290357494562353,-2.2010441517051857,2.0
-1.2727299554970135,4.4846482700750725,2.0
0.5460027399726339,4.20373097835216,2.0
-0.44280312783907344,-0.055947104018905194,2.0
2.648563011262448,3.9197079227629263,2.0
1.5465179074653994,-1.9839350303235972,2.0
1.7641547969458216,0.33108903878986284,2.0
-0.31304547450230796,-1.8887035934965168,2.0
-0.4850816370023593,0.7572139217474427,2.0
-2.951897355612026,0.9322536952750096,2.0
1.1739699587801864,1.202927767485116,2.0
0.8648841297168807,4.671654266510063,2.0
-2.612149408206958,-1.950383267579817,2.0
-0.44024102306682217,0.11492839408587963,2.0
-0.10775272337497915,0.9548973775408707,2.0
1.134713067444102,-1.3051995450998104,2.0
0.42451332275024606,-2.7671926780957032,2.0
0.006162998598279568,-2.845705522994356,2.0
0.5297969308569096,4.543816977243653,2.0
-0.30251502366302296,3.6471592829529724,2.0
1.8183781173465983,-1.1175913174222485,2.0
1.3360608373423097,-1.8626085663277414,2.0
1.3277334620899728,0.9566018723542319,2.0
-0.014033507214773672,-0.031823280098035076,2.0
1.764212134251854,0.26945505515264573,2.0
3.6988023044022253,-2.670324611234206,2.0
-0.3027043505185257,0.609609235041777,2.0
2.04453261951173,-0.34282080412987914,2.0
-2.2681456808586944,3.437852918198161,2.0
-0.11806335431717707,0.04239333115126384,2.0
2.0104212920771527,3.8636761988700687,2.0
-4.16083257448914,1.9926140614176686,2.0
-0.07042072442272296,4.3994749425989745,2.0
1.5924127144421265,-1.7302861892056405,2.0
1.3443153901230251,0.1694826319743682,2.0
1.318742976223742,4.3188003914591135,2.0
-3.1574424079252195,0.2264281733701547,2.0
-0.40323554474239404,-0.35623319106563683,2.0
-0.3841391187174029,0.26799255875447225,2.0
0.12397272259862369,4.62347886127408,2.0
-3.484908485113732,0.12630429860521797,2.0
0.20621749370548673,0.9001077748835397,2.0
0.46554034431165287,-2.9291098765980683,2.0
-1.0193691116021986,0.38222133217632315,2.0
-0.24097773174906875,-0.029901137640604425,2.0
-3.7914557746498683,0.5321915721464623,2.0
-2.105964099303015,-2.430098562969577,2.0
-0.5363574816333827,0.23196655079765668,2.0
0.7766708108916327,-2.064485753215861,2.0
1.63414756494202,-0.33231801238284886,2.0
0.20498154977346944,1.4580036385232296,2.0
-4.089610158558652,-0.5226008804879277,2.0
-3.4798256570741386,-0.6611816784884957,2.0
-0.03814394882431879,-0.00675164646760254,2.0
4.528670238966683,1.5641840850927977,2.0
-0.2524141997515335,0.23906837551195698,2.0
-3.596915014914613,-0.7586873916956032,2.0
-1.2962205767122186,2.960006335820852,2.0
-3.2210264713688197,-0.37505229602031653,2.0
1.5676153467826766,-1.2045799865331748,2.0
0.9170099158655097,0.7770791034747453,2.0
0.7633731565236409,0.9745797829584064,2.0
-2.6043598778053547,-1.330800191941842,2.0
-0.3444494075620661,1.2073009283638645,2.0
1.6496041016948535,0.2367425073228196,2.0
-0.662759586772066,-2.861663619271425,2.0
-2.787961426709891,2.852466547038508,2.0
3.1423171868269595,2.7596646991063336,2.0
-0.1969454321687235,0.1967725429539846,2.0
-0.8925605007440852,0.1521591170242032,2.0
-3.536316489936065,-0.055834909431404706,2.0
-0.2517168916627964,-0.2943600000613924,2.0
-0.32437364017487025,-2.741584729606189,2.0
-0.316918668805639,0.86562112709894,2.0
-1.5185105608732439,4.383274226478526,2.0
1.2306119408288025,-1.683171083204414,2.0
-0.7917835907940891,3.4642820857774552,2.0
1.12615568319192,-2.2784304195601996,2.0
2.2720108531329797,-1.6405071561387217,2.0
-0.06539965796205333,1.1758278966769016,2.0
0.7968890130959229,1.67172782189687,2.0
-0.21094218145633936,0.456773212799786,2.0
0.9169395344897436,-2.0748381386782038,2.0
1.9680301841692516,4.07581899696444,2.0
-3.170578794778097,0.39865906901762393,2.0
-0.28665039771838596,-0.28347437461281255,2.0
-2.167580353236558,-2.0915672929966003,2.0
1.8753281013484775,3.958765072959384,2.0
-3.785505048051328,-0.8066102566239843,2.0
1.6364744955933304,-1.417315970203909,2.0
3.8460480445783194,-3.10904434321463,2.0
1.9123139440354584,3.596216456354021,2.0
1.699207333030953,-0.7096502214544316,2.0
0.9629953309721195,1.00194511807662,2.0
1.7065955674324396,0.8693736270834945,2.0
-3.1858031715531503,0.6565282039756641,2.0
-2.0892222109828373,-2.5417855227866317,2.0
0.7766504475327785,-2.351635627226021,2.0
-0.5388826007027661,0.42635469838759926,2.0
-0.10148818680522143,1.179104125064292,2.0
2.1509363617264743,3.5490424295082783,2.0
-3.237526087954361,1.6640916790516833,2.0
1.111753916976079,1.3717635455375272,2.0
-3.5612477913831877,1.267834788048948,2.0
-0.13928475572794086,0.7654024828078497,2.0
1.0509110591440756,-1.630537844005514,2.0
-1.2895009362385261,3.767287527654065,2.0
2.1740130092133585,-1.3367008698139795,2.0
-3.175384403682906,0.16535176113021235,2.0
0.10825675991086559,-1.8235512215634047,2.0
4.04738772265609,2.442876379247855,2.0
-1.8118401327948737,-2.120816145759073,2.0
-0.5378771156432496,3.979761813521261,2.0
0.8348733105509331,3.748215826504007,2.0
-0.44252249137703636,0.05527795535254992,2.0
-0.7595222503304707,-3.16781989192354,2.0
-0.21199601963418363,0.4856116073450671,2.0
-2.852739480972052,-1.4175425565119018,2.0
3.5558736767666743,2.5454586018476117,2.0
3.1091504297860326,2.8827481465518274,2.0
1.8108443409093131,0.4917023215165068,2.0
-0.3602889120845233,0.9236764474761786,2.0
-2.1125848380050036,-1.903700520177594,2.0
-0.9488392492756277,3.7922892195947075,2.0
0.27457155593715993,-0.18082140573934413,2.0
-1.7530906486796183,-2.3167262573991447,2.0
4.558120545599934,0.9615318277601905,2.0
0.2190873340090672,1.1481494083146386,2.0
-1.9847181405813972,-1.9928690186593032,2.0
-0.3824751869637121,-0.3024869442418575,2.0
1.6951654157587615,0.1637716069436119,2.0
2.693935183396423,3.2558599397259727,2.0
-1.4006420268865574,-2.5533049695271535,2.0
-0.1336169052447098,0.15567298422675552,2.0
0.5674648551061119,-2.546463116066609,2.0
-1.24735200460674,3.5747990721126084,2.0
-1.6262515049027024,-2.0720079093231036,2.0
0.11026779180517116,-0.33058859289027986,2.0
-3.273254729410887,-1.4526134924935008,2.0
-3.458077854756716,-1.67397834477054,2.0
-0.25249063017860707,0.397036436979628,2.0
-0.3410732248003464,-2.6059660325291665,2.0
1.915734977858843,-0.49483097786776553,2.0
1.8210091246372988,0.20334146529857017,2.0
-2.7812890317387486,-1.9956175821461768,2.0
0.6458629609618796,-0.2315426779157825,2.0
-0.7395498873515778,0.2653624737892593,2.0
4.815454010600352,0.1793185044032948,2.0
0.2651702580114569,-2.133146337766013,2.0
0.15679187637176487,-2.999494054772024,2.0
1.423376631514441,0.4756342197220907,2.0
-0.3046717907483735,-0.43479223442860615,2.0
-3.2960938674642195,-0.5231025744082872,2.0
1.3676541217216251,0.2582919704674143,2.0
2.8424340860324837,3.802752754151291,2.0
-2.2525576304311423,2.5956843480682665,2.0
0.1581152618767963,-2.5749315561450006,2.0
1.3716330413182847,-1.0482129109200073,2.0
-0.6876038321340336,0.031256536398836965,2.0
1.6339980914172425,-2.3611715202003682,2.0
0.373166587239586,0.027637368279233875,2.0
0.24248208674709576,4.833102747700816,2.0
0.8957212293025008,-2.3106638670367627,2.0
-1.3203903511095656,3.6246677778734564,2.0
0.4314534023088828,4.347917124660491,2.0
1.181496482769112,-1.8819889203036968,2.0
-0.3716796796641234,0.5377256210690157,2.0
0.09056046567727705,0.5161489016818746,2.0
0.18680572934977213,-2.3561399460880432,2.0
1.5658459247544139,-1.6646686276456268,2.0
1.5492385148381274,-0.7288124024973586,2.0
-2.436033904616284,2.5788706108499264,2.0
0.5780153431390795,1.6503834191281697,2.0
-3.2894858266927702,-0.40985245003363796,2.0
-0.2501644125318332,0.30459776468682737,2.0
-0.011208713900334843,4.209244809788921,2.0
-0.49608321681129175,0.37813824275400076,2.0
-0.43109370539287745,0.0583287861452438,2.0
-1.5567199692378415,3.257358350398304,2.0
-2.85077897671968,2.56151703894977,2.0
-0.39997928278476935,0.6733876362002944,2.0
-0.5781716209985496,4.512937590721739,2.0
0.7833416355473624,1.0661580914905506,2.0
0.08464778124153743,-2.31597916716845,2.0
1.2969270946813287,-2.679372129159124,2.0
0.16969457574097532,-2.1773683211062766,2.0
-0.008021610176112859,-2.681494415378655,2.0
0.5297172229904367,-2.82901466599006,2.0
-0.3195853197758507,0.3543156415868452,2.0
0.5670354512556965,1.3140296009415229,2.0
-1.3341698945880436,-2.6334720663378213,2.0
1.8660284694161096,0.3270628176854984,2.0
0.24215132961928376,1.1168834151377807,2.0
-3.1007644785271107,1.080068271107576,2.0
-0.6053507200916585,-2.8266054514100993,2.0
0.8401880712549364,1.0939583858365733,2.0
1.8502109495136094,-0.7640392475654265,2.0
-0.43407740914281323,0.3599705359869352,2.0
-1.332893376831467,-2.2552263064757927,2.0
1.9097360555749159,-0.42812650552825326,2.0
-3.110356285315602,2.198165053635909,2.0
-0.3828934930337482,0.9579549036239249,2.0
4.470324991496452,-1.668692309931018,2.0
-0.15227406366201418,3.9853692346030085,2.0
-2.095081145748229,2.980323870278489,2.0
1.7973290625532936,0.40461378899878603,2.0
2.2152505111688976,3.5279239762629393,2.0
1.6146768451744784,-0.2466130774553056,2.0
-1.7765519519104018,3.916762956585144,2.0
-2.1247330781827176,3.204584804937418,2.0
1.3966874016913184,0.8083560497975144,2.0
0.8510600808150834,1.355678600522344,2.0
-0.18791718094969173,-2.253993194196578,2.0
-1.078914164858232,-0.05166170965924449,2.0
-1.6927323249318411,3.5503247633319694,2.0
-0.008644513337648818,-0.11347233907566823,2.0
-0.47847449190581937,-0.19673397273361,2.0
-0.8782072184564393,4.157317117715777,2.0
0.08399695867315154,0.9431921498077231,2.0
-0.5667120981074675,-2.626524913579103,2.0
1.6374522082284186,-1.7835330160603944,2.0
-0.3375288918285272,-2.7847699352249786,2.0
-2.5161475125977297,-1.7842482940096946,2.0
-3.4567753880090972,-0.326681955388857,2.0
2.124114224955017,-0.3827592304402547,2.0
-0.45062635721450156,-0.1768888291179751,2.0
3.186403280861039,2.90005229576054,2.0
1.5880797485234586,-1.3654695404271284,2.0
1.179444863466756,3.6189065215890217,2.0
-3.4611833528878173,1.28496107945402,2.0
1.6774056685793548,-0.05373731483165846,2.0
-1.2330951171947362,-2.220966857080338,2.0
-0.676056925853464,0.43997740783452083,2.0
-3.730002673474957,-0.07159685407825239,2.0
0.1416414397362324,-0.012446743917585733,2.0
0.020073588231543427,-2.927268533716058,2.0
1.6922583097552681,-2.0561771168435437,2.0
-0.22781921473899877,0.48944236628923105,2.0
-0.2791636958663751,-0.5835175497706936,2.0
-0.5958539953923999,-2.999387211080158,2.0
0.6976559841321319,1.0789054279281172,2.0
-3.291506075758895,2.3303058552035814,2.0
-3.4553295414235463,2.1953311787277814,2.0
0.7583658025225086,-2.0752407721228407,2.0
-0.38759736509454823,0.11173576847168798,2.0
-1.7340927348572857,3.6277215973798125,2.0
0.456511441159409,0.9084516355177448,2.0
1.1613347740100555,-1.4205928475389387,2.0
2.843238408188882,3.604115413892574,2.0
-2.7439111604064417,2.332208167504522,2.0
0.8430532882146866,-2.6375344444632516,2.0
0.5643619368674997,1.439779387114462,2.0
4.348714115852553,-1.721808003170867,2.0
0.22640451993854033,0.6844523270089891,2.0
-0.757971994450751,0.07581425975763617,2.0
-0.09019260021022218,0.35819812577657895,2.0
-0.6046988037596404,0.8847988305509569,2.0
-3.109143805610459,-1.1854262992754125,2.0
4.847009183665973,-0.8643327464100186,2.0
-1.2732049179247402,3.889241064725445,2.0
-3.0947001628052413,0.07240415276858553,2.0
2.3462289553821303,-1.1335921463582186,2.0
2.054957340488067,3.288458244038463,2.0
4.257702749347943,-1.5890069657021573,2.0
0.17606009414970128,4.878276724383222,2.0
0.011375090317087388,0.9352148835266358,2.0
-3.463700570810669,0.9144285906584576,2.0
0.8454526380902807,3.793234253030291,2.0
-3.117414696295299,1.2277704635524893,2.0
-2.5904421879039354,-2.3999595805158935,2.0
-0.5050174194422432,1.1810739979927474,2.0
-3.503448098770461,0.2924943684725853,2.0
-0.5729606560175631,1.2539046031470427,2.0
-0.2150289893839111,1.3341697029755828,2.0
0.2687544847587259,-2.53478698889577,2.0
0.22295230311105135,1.0344906055796719,2.0
0.39415481270925806,-2.1331975767367855,2.0
-3.284820700244636,0.5112295985073987,2.0
2.0213287155692523,-2.09066000714715,2.0
-0.5358355814871338,0.23322614840283362,2.0
0.39013386964770425,1.1108773761684752,2.0
1.8532510246182365,-1.3311102950230556,2.0
-2.569833220472135,-1.8362658572909447,2.0
-3.8589137966010054,-0.28231459222323385,2.0
1.6256082710486743,-2.0264825175535197,2.0
1.3821647861695874,-2.112273744387297,2.0
0.1025878753859144,4.824345344128231,2.0
-0.4235384445871058,0.24661115226319952,2.0
-0.17245151885858895,-0.3327277192571986,2.0
0.6004531399064635,0.8594601197023657,2.0
-0.6695296448142911,0.9708781790233377,2.0
-1.8705110238400802,-1.9836683397331103,2.0
1.9099072610127015,-0.531173105166221,2.0
1.5263269407049394,-2.314813517020494,2.0
-4.054003222482048,0.15769093655225513,2.0
-0.2480064651124308,0.16747101138724854,2.0
-0.2610778436671204,0.7533726974787227,2.0
-2.163647938519514,-2.302806795436231,2.0
-3.4321614263192255,-0.5956735417385267,2.0
0.3315106987990032,1.1410848573898635,2.0
0.05741621860460433,-0.37362128930290633,2.0
1.5964888709248426,-1.3963837176806226,2.0
4.303589529642581,-1.9834079063912569,2.0
1.1283106040466557,3.381241095328872,2.0
-3.8289757399488846,-0.8282539591538594,2.0
-0.7358095857282461,0.027415939389643068,2.0
-0.4103587320176485,0.021454212604686208,2.0
0.10092428568917894,-3.0215491345951264,2.0
2.0310014629672737,0.27557827142633945,2.0
-0.5467113971698512,0.2688380436561856,2.0
-0.9747931550414912,-2.794867635042342,2.0
-0.0861731467391465,0.33945544984714365,2.0
-3.2490167502888334,-2.055551385051214,2.0
2.188674096164597,0.25672194795704345,2.0
-2.930372932443532,-1.139183380979052,2.0
3.7622454278779074,2.5303395600597396,2.0
-0.7719019773533722,0.4891754998005887,2.0
-0.11773331405490871,1.006135546674581,2.0
1.501934765746516,0.5021481155114521,2.0
1.0261554527432446,-2.287330152735042,2.0
-0.4029794535938818,0.6682667264568335,2.0
-0.03663910198796124,-2.6300574920854425,2.0
1.6534141824095336,-1.573108405345588,2.0
0.21280367084643123,-0.20092629965151437,2.0
-0.2737344095381113,0.6012521046891637,2.0
2.656488515383936,2.9241518935946442,2.0
-0.6221982408328608,-3.1786714332688897,2.0
-0.11765745268180774,-0.07270008608409992,2.0
0.9667656921121293,1.007938866046517,2.0
1.4166032948117127,0.9765633428655967,2.0
-2.79623108673171,-0.5737312431589254,2.0
-2.7204954448771055,3.7631571876226255,2.0
-2.245689233786413,-1.8202226741390155,2.0
-0.5422460402832512,0.3018042731624475,2.0
-0.025689697783558618,1.1490957931645245,2.0
0.6148322740784156,-2.2470593912647807,2.0
-1.512201203128841,-2.610087809508612,2.0
-1.6262651633341063,3.092119809234413,2.0
0.04659662308266499,-0.055100942501173984,2.0
-0.23608277900790345,0.1909648707680691,2.0
-3.0387281939298654,0.22773828393886247,2.0
-1.1650157026663388,-2.2073538449022996,2.0
-0.16289998486885524,-0.1291664099269709,2.0
0.4064429795223211,1.3325519287580945,2.0
0.00892490063934731,0.4532039192469336,2.0
0.9331127258712859,1.2162700297981797,2.0
0.8168585116190212,1.3064311331511225,2.0
-3.0775825606288727,-0.7770787215623987,2.0
-1.9088845771492877,4.379740879107613,2.0
-2.787859461822152,-0.8188114063527125,2.0
0.2226234935072312,-0.009846860768842749,2.0
-2.1611055142360023,-2.131198262503261,2.0
-0.47467749317155655,-2.7452781996522875,2.0
1.7797942578289145,-2.011856602859634,2.0
1.2715500632288266,1.4265751588259388,2.0
-0.20133038947677678,-2.5780352700079585,2.0
-2.303769153118978,-1.6684571347027206,2.0
-1.3383724762276774,3.6516549857628875,2.0
-3.9716573485309565,-0.73733147760695,2.0
1.1724265731731325,-2.8925449974992095,2.0
-2.9901852751886056,1.0860435828972586,2.0
-0.04690644083450304,0.4448416431353396,2.0
-2.570403163434721,2.6378788443962216,2.0
-0.034251333952391355,0.913164036922211,2.0
-1.7728828389600941,-2.2781770479869983,2.0
1.3383337441733525,-1.9085867051218512,2.0
-0.5694266977027194,0.03682860558471709,2.0
-0.24727932167821676,1.3771955314885402,2.0
2.80116561593411,3.150723706447302,2.0
1.4558459100484022,-2.4019468884433124,2.0
-0.2326264224875023,0.08476683320734385,2.0
-2.009819665540385,3.1993314714267047,2.0
3.984775075898985,2.164877043288878,2.0
0.4010594640421382,-2.6767587915081643,2.0
3.392211282101951,2.1680530597596595,2.0
1.8661751166362401,-0.5695794810565151,2.0
-0.3731415143374761,0.03566065127748119,2.0
-2.703333610015708,-1.8757155000307868,2.0
-1.3133012902079393,-2.6667082027363134,2.0
1.6254994633502622,-2.645197912470029,2.0
1.6185948270126516,-0.2963435822669033,2.0
0.9938083939516571,1.0159608668353377,2.0
-0.38269806249692606,0.5954642128030503,2.0
0.4730952431328581,1.1104340363534138,2.0
-0.2549281667131189,-0.27639387962368134,2.0
2.7571480167051057,2.766267889485259,2.0
-2.69456074927436,-1.4813840902641267,2.0
0.46692442907600895,1.2327522693883712,2.0
1.4967149310595078,0.13572559147396762,2.0
0.6710546615594101,1.2831190926528127,2.0
-0.4088889277812104,-2.011575868411496,2.0
-0.1862213838356001,-0.5981427888010145,2.0
2.004298791226103,-0.15217631453494707,2.0
1.5397207838605702,-0.7110213361011773,2.0
-0.3758723488519354,0.5975632649552864,2.0
0.37547085475706815,-3.4262700493654896,2.0
1.5185313391185937,0.4569085558265864,2.0
-2.374057842224606,-1.5443196605278957,2.0
-0.4926455290550854,0.2927686431911134,2.0
1.8835473255038584,-1.3672493239024457,2.0
-0.7551308232423362,0.47832322687483286,2.0
-3.4407970347887074,1.1090564418713937,2.0
0.8541353797941015,1.3890881676289444,2.0
0.9201980428231773,-2.0381725495275056,2.0
1.1374974956343935,-2.2076679511701998,2.0
-0.4552108126110753,-0.0014152121273164342,2.0
-3.420638308417728,0.3103303037536336,2.0
0.05601813887390895,-2.654729469102808,2.0
-2.0212212041676567,-1.870685991712919,2.0
-3.2545017104760663,2.7428292179378104,2.0
4.210871853063222,1.8715486068746985,2.0
0.3317374763427214,-3.2480823109197376,2.0
-2.2894519219080713,-1.8290280274311472,2.0
1.259238512553986,-2.418192372817527,2.0
-1.366228603367738,-2.6833398136204076,2.0
-0.22870145550227958,0.2932302287610374,2.0
-0.7420721371630845,0.22859081677500487,2.0
1.2979424681467848,-1.2281538820198028,2.0
4.11752023490137,1.7846162019699197,2.0
-2.987383597579509,-0.3540393513954839,2.0
-3.7010006156442827,0.7010244568453228,2.0
-0.14598092334074123,-0.15539162523783606,2.0
-3.1914277958182242,-0.9807358645003037,2.0
1.000123271541538,-2.806522751524502,2.0
-0.6880750011862806,0.1932426718293858,2.0
0.028261613275767816,-2.67319102795373,2.0
-3.111086911017687,0.82588755305284,2.0
-0.25353198899506724,0.14702491551827382,2.0
0.9833999570387901,-1.697208521308979,2.0
-2.8740790952474358,3.4224083578698283,2.0
0.08895615117871289,-2.850641332745514,2.0
-0.5562987430086523,0.8862525666252905,2.0
4.41709536206193,0.6187641113212157,2.0
-2.500940233376808,-1.976716521052594,2.0
0.9832004721571999,-2.7741574209017985,2.0
-0.43301394059449183,-2.87830508053815,2.0
0.19115860673124563,1.2148948410916922,2.0
-0.21487483094745324,0.8361305364896404,2.0
-0.10328336195253598,-2.6691911557291963,2.0
1.1060261285179425,-1.3722669901385793,2.0
1.7587754622872607,0.17041048048433466,2.0
-0.7641427583110849,-2.505839468182127,2.0
0.4223327884018172,1.1915494874530097,2.0
-0.6540588633722578,0.8635980666505216,2.0
3.3840507687960537,2.9065524627190698,2.0
-0.8621533313376206,3.5311923991782543,2.0
-0.474157057100257,0.1449992964481757,2.0
-3.115531414893975,3.336771178462128,2.0
-0.5099810353982969,0.007382740840403856,2.0
0.2326755349682343,0.5060687663894731,2.0
4.394412422225743,-0.16610205943493397,2.0
0.9214392657629497,1.4260902369641173,2.0
4.838733259840141,0.35945057402451475,2.0
2.0356483697892522,0.17467561828934208,2.0
-3.6558731835481666,-0.28591157315593124,2.0
0.3416727527214367,-1.8187810319301798,2.0
-3.976247655786573,-0.17299770887622323,2.0
-2.3493063476217295,-1.7605669321587585,2.0
1.5917164401809607,-0.5871880042143532,2.0
-0.7466247343868238,0.332857667458127,2.0
-4.011429629158641,0.39858402920107877,2.0
3.6591714871815695,2.038762094266947,2.0
-2.4214421172968685,2.544925323322239,2.0
-2.7792430162522006,-1.8261744998708984,2.0
-0.6073136769510599,1.0385520638746935,2.0
1.5309348538695395,-1.585493520757685,2.0
0.2141311719878471,-2.2391161656520246,2.0
0.7657522979807511,1.2873560737200993,2.0
2.1930253721489916,-1.069437721592748,2.0
1.5982564908832317,0.5729604760970871,2.0
1.807333964651483,-1.1780683190577865,2.0
-1.174560069050332,-2.7181041182985206,2.0
0.8274777663806319,-2.172017162531733,2.0
2.4087095886756016,3.7002771488314328,2.0
-2.6268256741731673,3.918697583207858,2.0
-0.172554085522114,-0.13883260007793324,2.0
1.3853911036813875,1.2459393602187487,2.0
-0.5494357718186842,-2.2691038617429027,2.0
-0.3570278999828487,-2.721462724641093,2.0
-0.058029793991397044,0.7202407809906994,2.0
-2.941493134278877,1.1239299028792824,2.0
-0.28244605352413316,0.8899037220990498,2.0
0.8431660048373689,1.3150398383798314,2.0
-0.16583600938725288,1.4116546741442282,2.0
-0.7071115848410239,-3.337520301894444,2.0
-0.3801230483302227,0.4378732531837457,2.0
1.49760516249216,-1.972826138135157,2.0
2.4254192871036686,3.676300266772893,2.0
0.997776963397428,1.2084383741824585,2.0
-2.3833984181631944,3.1299892065729567,2.0
-0.137354212260764,0.33522697026439924,2.0
2.052677467863782,0.17661238143346764,2.0
-2.3454977937067656,-0.7999618897627641,2.0
-3.7178851477935284,-0.5043099096217069,2.0
0.10377124893184142,0.9884284983662978,2.0
-3.1426381397898786,-1.8862885856091998,2.0
-0.24898810117970588,-0.19373559475797147,2.0
4.196089640040197,0.057089986043231566,2.0
-0.8535692864335983,3.9199277209786567,2.0
2.321811385129391,-1.2356145045049112,2.0
-0.6849930434312066,0.6876693091791024,2.0
4.169577886828026,-0.6243698912782732,2.0
-3.488118359137599,1.151503544026353,2.0
0.5489363851469333,1.2498564248942512,2.0
-0.8064868242678902,3.9054764679131235,2.0
-2.1252928358893586,3.1162086986611364,2.0
0.15654421675533425,-0.5077387706311864,2.0
0.5987656471660473,-3.2094351148764892,2.0
-0.28176827741607213,0.5083366417175356,2.0
-3.4753201403377485,1.1070084238492588,2.0
-0.9870422708547585,-3.2335895809108766,2.0
-3.680989837294345,-0.6136496260153161,2.0
0.845460017894412,-3.0846630761780145,2.0
-2.0526263636603783,-2.088836975792274,2.0
4.537729304130062,2.31453507253452,2.0
0.11400214058773944,1.0095795846945912,2.0
0.5236007335798585,-2.9361183176263963,2.0
1.409914886181563,0.003510557066669806,2.0
-0.10315465916800395,0.16521225464031022,2.0
0.07807121581152429,-2.1637511734706405,2.0
1.4775693588822065,-1.1006732008288465,2.0
0.8723853435607214,1.5645218102813074,2.0
-1.145980350522811,-2.6903610252134045,2.0
-2.4333643023530067,-1.8232312004270563,2.0
1.9474815636105351,0.567247616002098,2.0
1.2927284551133305,1.012528349809704,2.0
-1.2288648200588683,-2.36903940899938,2.0
-0.13598302451048327,-0.277962699001378,2.0
-0.6008446103307283,1.0196254741418465,2.0
-1.6221581186491,2.374978722594467,2.0
0.21421104160881216,-2.1219282351085065,2.0
-0.4279300467595252,0.18497612297903093,2.0
-2.7111586398985246,1.8955694810651451,2.0
0.979254589471953,0.4990222398278976,2.0
1.327457458046522,4.551524256760424,2.0
0.5434880106524245,4.278149081357935,2.0
-0.4726689979428985,0.025097493308790755,2.0
-1.448241058228509,4.426865538041304,2.0
-0.11065706321279226,-2.67414399074842,2.0
-3.2424131670893863,1.4681743030258825,2.0
1.7899118378718986,-1.0454446576472158,2.0
0.8901147999602952,-1.7354908091795527,2.0
0.47662578258316457,-2.4741372083513773,2.0
1.7828167645184276,3.8055890285876286,2.0
-0.42546742541312577,-0.003630844659505597,2.0
1.221506495305614,0.09851967821764118,2.0
1.4706000686259606,-0.6630492346861695,2.0
0.27136749259507975,-0.5097911380618209,2.0
-3.6965113639518727,0.9683483845007932,2.0
4.131354257738951,-0.6889899327275453,2.0
-0.1295426134659905,0.8941330930390285,2.0
-0.4975994303965168,0.5045794838514415,2.0
-1.905442412089783,3.081718283389533,2.0
-2.7779239725913385,-2.793663424243515,2.0
1.2704855649365163,3.8242169219134383,2.0
-1.5724785797425196,-2.1338613024084028,2.0
-0.10399689943418144,-3.111244610721012,2.0
0.018363847775577022,-0.2459342853126686,2.0
1.6136705316515565,1.148458822244778,2.0
-1.2058429166179923,-2.222760056698768,2.0
-3.804797283582459,1.5794934935121616,2.0
-3.057611107459567,0.34421069322376663,2.0
1.636588409425387,-0.9008414075143953,2.0
-0.5679735448298724,0.3734551685858747,2.0
-2.6473328385362094,-0.9167579086010234,2.0
0.00298929166026346,-2.9838212738848298,2.0
-0.34503203926346326,-0.014028762009827112,2.0
0.5155890291356149,-2.235796240487252,2.0
0.5313071480820106,-3.0143959598102987,2.0
-3.105547942715352,-0.7782531932552382,2.0
0.9293934427880673,-2.2602480684188238,2.0
-3.665081335547947,1.1884841401912842,2.0
0.3866764501049328,-0.3152109201290507,2.0
1.5356094624828882,0.675119935792797,2.0
-3.227277272470745,3.172351600161966,2.0
-3.40488030977982,0.10582953362333275,2.0
-0.09553695388934418,-3.0310706971832486,2.0
1.4986998722227955,-1.04010907258732,2.0
0.47612997495274423,-2.301541174545047,2.0
1.1325329298345874,0.37164674898693484,2.0
-0.26321287115682046,0.3106276139363185,2.0
1.042070685728156,1.0389986228401649,2.0
1.9783688281817802,-1.352221287541092,2.0
-2.808190885178377,-0.22159388234545324,2.0
1.8562562219279464,-0.3017147045566748,2.0
-4.228522883210502,1.1110811979927888,2.0
-0.540142578328771,-0.17170265130894377,2.0
1.2677500671797326,0.9606503977669811,2.0
0.10593852332736817,0.5998136471447768,2.0
1.998831785048117,-0.25072202010398253,2.0
-0.5806826353995371,0.19859506848058442,2.0
0.31173040563283677,-2.731482173680093,2.0
-0.2848581922107995,-2.2139997168452594,2.0
0.5991221783737404,1.5328060760148494,2.0
-0.2055425532985427,0.19155356484437464,2.0
0.09605139281213315,-2.9213503917995003,2.0
-0.26231209711896725,0.8686676127271902,2.0
1.4192279103691572,-2.0815733998042854,2.0
-1.4915183514658754,-2.3356115779706537,2.0
0.9037301308206797,1.2388397300349998,2.0
-0.9741591906094984,-2.7461764785792537,2.0
-2.1987623318718343,3.5324968510574397,2.0
-3.2888395799074193,-1.0632604859498924,2.0
-2.631824325144109,1.037664093713003,2.0
-0.9695982575173561,3.9692845153682783,2.0
-0.18261154595491888,0.2469009098033283,2.0
0.8580530324059524,0.85555686099695,2.0
1.4777438955117748,-1.8102427494926883,2.0
0.8154245917862527,-2.2402325322412913,2.0
1.6751726864729464,-2.4000569577262616,2.0
4.831302754972297,-0.2654829738668737,2.0
0.48480116260845024,4.23074293764725,2.0
0.7487262836489923,0.7919976155887875,2.0
-0.22686869479692862,-0.09146015765018908,2.0
-3.3968779640361224,1.4392906238848509,2.0
-3.4586576987897977,0.9684722442987928,2.0
-3.1565735988480834,1.585243166125513,2.0
0.2791124350253429,-2.9429919544520864,2.0
0.747020673183965,-2.199730621918644,2.0
1.0276678643695771,1.1691978652046793,2.0
4.952653302612462,1.4331123238960766,2.0
1.8788578407229815,-0.5236124571595936,2.0
-1.4562723367510317,-2.0272681315598744,2.0
-0.022847931623175957,-2.2144445071840813,2.0
1.7420808491708932,0.13658323643959552,2.0
1.0283057927198018,-1.965116983599479,2.0
0.056661925561247155,-0.530178664458591,2.0
-1.1847656889128935,-2.3398296779449277,2.0
0.018660099400599157,1.3579110818847986,2.0
-3.2039287566207624,2.621561918521176,2.0
4.021990785879652,-0.2910094200752723,2.0
1.8784566362852289,0.6940942315976661,2.0
0.33436670329280566,1.1956196082109378,2.0
-0.5328248597197814,3.8554245377902143,2.0
-0.403950897371656,-0.06706999122950433,2.0
-2.7006795808160984,2.278266439450241,2.0
1.9619767956314447,-0.9271117825373849,2.0
1.4957590419090376,-0.8394253800104552,2.0
-1.73324656531807,-2.500864681033388,2.0
-2.259938304307557,2.596456811052412,2.0
-1.0249495877218298,-2.095147528187399,2.0
1.6979887037271464,-1.0958658594858692,2.0
-3.196188583973642,0.15009394963281242,2.0
-3.3509964398921537,0.4402122377614333,2.0
-3.2759274556199984,-0.6195162471818727,2.0
2.7807263302092005,3.163659185831741,2.0
-2.4672547154188362,2.555661914423683,2.0
-1.6937135876856786,-2.621727453389724,2.0
-0.8035513135083768,-2.9468312778514694,2.0
-3.0343725222022635,1.3188302284645688,2.0
4.060772580204836,-1.1705698528926767,2.0
1.7790530353264855,0.16177779077318466,2.0
1.0892019031121942,-1.2011051103593449,2.0
-3.5343374574162274,-1.3034291826772466,2.0
-2.5517634886025182,3.6072995448390492,2.0
-0.11528351721055147,1.1596510058070917,2.0
-0.16950830097228814,0.989073373161867,2.0
-1.3841868897322755,-2.2382602472847957,2.0
-3.175080175442083,-0.10633769361939482,2.0
-3.231404645412659,1.2755402531489917,2.0
0.3140957349912955,0.9732192772322645,2.0
0.754068765187419,-2.384511062893789,2.0
-1.161148817379954,-2.8463073885002994,2.0
-1.9581655984126836,-1.5540027249439743,2.0
-1.8125400438097894,-1.9862831266075942,2.0
1.2715206802177341,-1.2786431528497222,2.0
1.5651842603644905,0.5253105278772686,2.0
4.365615786020529,0.7863871261245055,2.0
0.15477621956773618,0.21084919626957543,2.0
0.6125802229998031,0.671191788776922,2.0
-0.3269705961578864,0.27783530237801696,2.0
0.03994680713169274,-2.5057073529133675,2.0
1.5143948623542665,4.339991136252205,2.0
0.2036631886483688,-0.8137567500701137,2.0
0.2709929662585789,0.8758254666419685,2.0
-0.6093043889063987,-2.900820807649088,2.0
4.177660648635308,-2.3311875069360712,2.0
0.18892881730842392,0.3551802112804987,2.0
5.00945865717925,-0.2379356093130011,2.0
-0.6764325820378886,-2.877404956490126,2.0
-0.5711975605681436,0.6120420310456869,2.0
1.3317761787586013,4.2543478539674195,2.0
-0.3183916100019206,0.42184726297188524,2.0
2.0203601813384755,-1.2238220023309245,2.0
-0.010261497178110035,-0.033080527956101356,2.0
-1.868828360460671,3.724669827075348,2.0
-0.11093140227134199,0.014330992133711924,2.0
1.8490910611952713,0.7485898648400625,2.0
-0.5870328790412911,0.8895702095231358,2.0
-0.34806073896055423,0.45728994652795685,2.0
-0.6874631801778552,-0.3331322909918863,2.0
-0.49038996654670874,0.4696749320231945,2.0
-0.08218704865213915,-2.5881372433091925,2.0
1.1662086259478917,1.0071807295684139,2.0
-0.3895180141518397,-0.1213743838635877,2.0
0.9089817675987499,-2.4548310507283007,2.0
-0.5526540490943682,0.08652613164837195,2.0
-0.8323313713012368,4.0587033388218785,2.0
-0.15740845228368813,0.9532776403546191,2.0
-0.003946306384350376,0.4363460398949128,2.0
0.04753267007843287,0.03592268578831262,2.0
0.30059872532915427,4.726209266098521,2.0
1.3432238802210632,1.242303664415909,2.0
-0.3241651670804605,0.44427681699385924,2.0
-0.3313397374822816,0.7012996943419908,2.0
1.5756477892137266,0.2675116959364675,2.0
-0.31590485132945767,0.9609479059150094,2.0
-2.191826437810488,3.5041718012236687,2.0
0.0533365947641517,-0.40919702055233587,2.0
-0.602127059450759,0.4157000728961278,2.0
1.0931913901082089,0.8719928102217226,2.0
-0.5522277593074129,0.30927053484726263,2.0
-1.552665306340372,-2.449388133061021,2.0
-3.4358469219832615,0.9989369598891046,2.0
-0.6341307243657366,-2.7919451370442943,2.0
-2.7526636067711,-1.9042739271186044,2.0
-2.5588769066522548,-2.256325869202806,2.0
-2.1342993515707858,-2.0079492876052436,2.0
-0.20399727250561933,0.02999308944634781,2.0
1.8820445910070156,-0.8651698525337777,2.0
-3.2243153549084456,-1.6193632258228405,2.0
1.4952929689048702,0.06458381579813569,2.0
2.081294553368874,-1.0308978864872214,2.0
-0.2910796168186637,0.6386701776845195,2.0
1.8650783390266603,0.62174092634111,2.0
1.4219759852359997,-1.2839018814564667,2.0
0.6054178645603505,1.1666099682654802,2.0
1.61765488044534,0.29535526184228844,2.0
1.3809300528327952,-2.1564899112031,2.0
-0.5342788198508334,-0.018897218783622688,2.0
-0.1341725966752392,0.4830865302786574,2.0
-0.10664553826560672,-2.1893623676148115,2.0
2.308217686354637,-0.44261806072503485,2.0
-0.27814310722232666,-0.41838391754534876,2.0
-0.8118573367794396,3.7670376466918087,2.0
0.5641301195785203,1.4874463300929694,2.0
-2.6655402767925973,-1.2265415080647493,2.0
3.0347203898884874,2.8330898212406814,2.0
-0.48157483871918794,0.6685856191434418,2.0
1.649073478679125,3.872953354891061,2.0
-0.8325512079826105,-2.6014039344811617,2.0
-2.9784767974498503,0.17699369906466905,2.0
-3.442284237630247,0.05967191365380814,2.0
2.085185751470007,-0.6607445429966625,2.0
-0.5285777228417764,0.5519662366112613,2.0
-0.6431244085743348,0.291652005481027,2.0
1.5751178134537969,-1.5063380551201222,2.0
2.2243245934455933,-0.27421806730484327,2.0
-3.247594482983233,2.3429976749113086,2.0
-4.22967646344494,-0.9680664631046216,2.0
-1.8574000558905583,2.786678849601327,2.0
0.5868190227857648,4.906124795603472,2.0
1.1903447643649294,-1.534069949739973,2.0
-1.6848824419916943,-2.373295259940813,2.0
-1.3249507227140227,-2.2682521068702464,2.0
-0.5413314554734389,-2.6795362324387053,2.0
-3.373750353171817,1.8721052493843344,2.0
1.357006068119292,-1.9077146220283565,2.0
-3.6538591801862834,2.236077448167271,2.0
-3.824395082923145,1.2418478300636762,2.0
-2.8094435358752863,2.198879055173366,2.0
-0.4804395183432454,0.5778090836036786,2.0
4.3407888876411125,0.726488383236064,2.0
-3.0269835021628246,-2.0353258303121398,2.0
-3.546633359825478,2.5541893033561016,2.0
-0.3703566610635216,-0.004281891755821488,2.0
0.022542347652083405,0.26701544765685165,2.0
-3.2480737991008355,-2.388603315789526,2.0
1.9698370128302727,3.1550466277975553,2.0
1.9912134845332627,0.025863912739336636,2.0
-3.284866226278135,3.4228079495770425,2.0
-1.500922054880097,4.281034166932297,2.0
-1.4790855466459536,-2.314303277683975,2.0
0.417140366173131,0.8718774755375303,2.0
2.3812736828839496,-1.7383235322810062,2.0
-1.4143878552205722,-2.12028594160272,2.0
0.7997259179956389,0.9722805271508843,2.0
0.16820617989453568,0.5496919169268992,2.0
-1.7649952098549548,-1.777291563451758,2.0
-2.3889921273421977,3.249236170559656,2.0
0.8863824049803048,-1.7902309714557878,2.0
-3.528867925320826,-0.3587438369942256,2.0
1.4997145012365742,0.7491609950915348,2.0
1.6422293160260806,0.48706793079518057,2.0
1.5463153889099936,3.4770830223492943,2.0
-2.0299456492556844,3.171221057342093,2.0
1.1535819730290697,-0.13982547218019878,2.0
4.4643367888114724,1.0456867228874622,2.0
-3.228204082912064,-1.4888763319512577,2.0
-0.6077409425641476,0.27652854906711244,2.0
1.3371297537700073,-2.5801221369720837,2.0
-0.028620057846916444,-0.288508593806875,2.0
1.821934644140423,-1.6062403080924506,2.0
1.2829499455209903,0.7515855257046361,2.0
1.6809922666213006,3.360716675109014,2.0
-1.303640086799558,3.4866855141707136,2.0
-3.393152946645289,0.04166352399231049,2.0
1.6489066360587932,-0.5330083165226651,2.0
-3.1109740519099955,2.7097333780734942,2.0
-2.0827397593328008,2.88361192212539,2.0
-0.22325920150910986,0.18071648764180326,2.0
-2.7586723598180662,-1.0628579206661606,2.0
-0.6780567227054402,-3.2072517316377467,2.0
-1.8440795750455738,-2.8891975270134203,2.0
-0.21862802547371968,0.37989011876234774,2.0
-0.47229484455070714,1.0961465086102622,2.0
1.4454687915270412,0.7686996195766403,2.0
-0.20760751180262269,0.557572753641768,2.0
-0.7421907045274917,0.49801505669679713,2.0
-3.4986317762154724,-0.5143442799046053,2.0
-2.944382697935161,-2.477172722448629,2.0
-0.15457196765280473,1.1143063236005222,2.0
-0.3142620896411591,0.3754241469361629,2.0
1.62832159780821,0.7765687851748413,2.0
-0.3224997224579167,0.22168535934188816,2.0
1.5631910320097422,0.05711162268298195,2.0
2.333508817347064,-0.06384224579519776,2.0
-1.6878361727866704,-1.9570601045578049,2.0
1.4122924322486652,3.459138148940082,2.0
1.190366186587829,1.232282983319991,2.0
4.158875332939929,-1.6896771752239128,2.0
-0.160610411642612,1.1331051517498758,2.0
-3.575205235061833,-0.9282076065405076,2.0
1.9668078599303491,-1.3935108377887286,2.0
1.335620039909987,0.49117588623850145,2.0
1.010453109860716,1.177112700317213,2.0
1.5605939302832172,0.6339835656838929,2.0
1.6103373518158204,0.07310037169444464,2.0
3.5805956568161394,2.99424827357247,2.0
0.7407848433035138,-2.65271884650782,2.0
0.20367169618871533,1.3263705974986018,2.0
-0.3088901817495203,1.1283863463932666,2.0
-3.084627216647256,3.306811632734965,2.0
0.06402642980681472,0.8115982834842013,2.0
0.8636476771671237,1.049590292057533,2.0
-0.7332576088608735,0.9617326475734934,2.0
-3.0913089964004263,-0.45156313746876897,2.0
2.274041072753926,0.7439118646169176,2.0
-0.7319780865546274,-2.4027606035027276,2.0
0.3504447571151024,4.260802598236455,2.0
-1.9723259657526526,2.6114295789431443,2.0
-0.4183413307484476,0.07905857063328663,2.0
1.433157312538198,0.8380775851668352,2.0
-0.3262965383577226,0.03622941250708499,2.0
0.2866565729582805,-2.1079562949120985,2.0
-0.49270164754167084,0.6962864502052815,2.0
1.8806580088057032,-1.348836295862508,2.0
-0.31737062834920593,1.1747082949070613,2.0
-0.7238062564670155,0.9107603193501055,2.0
-0.4128827034099845,0.19278201768784156,2.0
-2.839551592399852,1.1027846152366654,2.0
0.8372315725718814,1.5553248822815766,2.0
-0.4701658630677025,0.9104724546460456,2.0
-3.918736602604013,1.3405677005400987,2.0
-3.092113874939815,-0.4738491055188946,2.0
0.940936778277894,1.45716101351724,2.0
-2.041827904275222,-2.3104582550063673,2.0
-1.5070905233186087,-2.339025385390026,2.0
2.0508136144341704,-0.9418691520092302,2.0
0.9854685201121068,4.17393307152318,2.0
1.2088423649713327,-0.956206257642455,2.0
0.13969487107644993,1.1793674433819636,2.0
0.13829839416436862,0.09166730487519717,2.0
-2.6516761963066977,3.5549311078667105,2.0
